YEAR,SITE,TRANSECT,ADI,AGCL,AGJ_juvenile <5cm,ALES,ASDI,ASFO,ASFOS_juvenile,ASRU,ASRUS_juvenile,BLD_juvenile <3cm kelps,BOEC,BOOV,BUCA,BUCR,BUUN,CABO,CABS_juvenile,CAIR,CAIS_juvenile,CAMS_juvenile,CEBO,CHFI,CHITON,COF,COPE,CREP,CRFO,CUFR,DEAC,DEVI,ECPA,FUSP,HATO,HEAM,HESA,HESAS_juvenile,HOAM,HOAS_juvenile,HYAS,HYCS,LADI,LAMP,LDJ_juvenile <10cm,MESE,MFSE,MYSP_<10cm,PAPA,PHGU,PLMA,PSFA,SADE,SAGL,SDL_>20mm,SDS_juvenile <20mm,SJ,SL,SLJ_juvenile <10cm,STCL,TAAD,ULSP,URCI,URFE,Centropristis striata_15,Centropristis striata_5,Centropristis striata_60,Leucoraja ocellata_15,Leucoraja ocellata_5,Leucoraja ocellata_60,Morone saxatilis_15,Morone saxatilis_5,NA_15,NA_5,NA_60,Paralichthys dentatus_15,Paralichthys dentatus_5,Paralichthys dentatus_60,Pollachius virens_15,Pollachius virens_5,Pollachius virens_60,Pseudopleuronectes americanus_15,Pseudopleuronectes americanus_5,Pseudopleuronectes americanus_60,Stenotomus chrysops_15,Stenotomus chrysops_5,Stenotomus chrysops_60,Tautoga onitis_15,Tautoga onitis_5,Tautoga onitis_60,Tautogolabrus adspersus_15,Tautogolabrus adspersus_5,Tautogolabrus adspersus_60,Urophycis regia_15,Urophycis regia_5,mean_start_depth,mean_end_depth,mean_dive_computer_temp,sub_cover
2014,Baker North,1,NA,NA,NA,NA,NA,NA,NA,0.16666666666666666,NA,NA,NA,NA,NA,NA,NA,NA,NA,NA,NA,NA,NA,NA,NA,NA,NA,NA,NA,NA,NA,0.6666666666666666,NA,NA,NA,NA,NA,NA,NA,NA,NA,NA,NA,NA,NA,NA,NA,NA,NA,NA,NA,NA,NA,NA,NA,NA,NA,28.5,0.6666666666666666,NA,NA,NA,NA,NA,NA,NA,NA,NA,NA,NA,NA,NA,NA,NA,NA,NA,NA,NA,0.3479037902968888,NA,NA,NA,NA,NA,NA,NA,NA,NA,NA,NA,NA,NA,NA,NA,NA,8.2,9.1,NA,57.5
2014,Baker North,2,NA,NA,NA,NA,NA,NA,NA,NA,NA,5.833333333333333,NA,NA,NA,NA,NA,NA,NA,NA,NA,NA,NA,NA,NA,NA,NA,NA,NA,NA,NA,1.1666666666666667,NA,NA,NA,NA,NA,NA,NA,NA,NA,NA,NA,NA,NA,NA,NA,NA,NA,NA,NA,NA,NA,NA,NA,NA,NA,23.166666666666668,NA,NA,NA,NA,NA,NA,NA,NA,NA,NA,NA,NA,NA,NA,NA,NA,NA,NA,NA,NA,0.3479037902968888,NA,NA,NA,NA,NA,NA,NA,NA,NA,NA,NA,NA,0.008038753635467083,NA,NA,NA,7.3,8.2,NA,76.25
2014,Baker North,3,NA,NA,NA,NA,NA,0.16666666666666666,NA,0,NA,NA,NA,NA,NA,NA,NA,NA,NA,NA,NA,NA,NA,NA,NA,NA,NA,NA,NA,NA,NA,13.5,NA,NA,NA,NA,0.3333333333333333,NA,NA,NA,NA,NA,NA,NA,NA,NA,NA,0,NA,NA,NA,NA,NA,NA,NA,NA,NA,3.6666666666666665,23.166666666666668,NA,NA,NA,NA,NA,NA,NA,NA,NA,NA,NA,NA,NA,NA,NA,NA,NA,NA,NA,NA,NA,NA,NA,NA,NA,NA,NA,NA,NA,NA,NA,NA,NA,NA,NA,NA,9.1,7.6,NA,95
2014,Baker North,4,NA,NA,NA,NA,NA,NA,NA,NA,NA,NA,NA,NA,NA,NA,NA,NA,NA,NA,NA,NA,NA,NA,NA,NA,NA,NA,NA,NA,NA,17.5,NA,NA,NA,NA,NA,NA,NA,NA,NA,NA,NA,NA,NA,NA,NA,NA,NA,0.16666666666666666,NA,NA,NA,NA,NA,NA,NA,7.5,14.833333333333334,NA,NA,NA,NA,NA,NA,NA,NA,NA,NA,NA,NA,NA,NA,NA,NA,NA,NA,NA,NA,NA,NA,NA,NA,NA,NA,NA,NA,NA,NA,NA,NA,NA,NA,NA,NA,9.1,7.3,NA,82.5
2014,Baker South,1,NA,NA,NA,NA,NA,NA,NA,NA,NA,20.333333333333332,NA,NA,NA,NA,NA,NA,NA,0.16666666666666666,NA,NA,NA,NA,NA,NA,NA,NA,NA,NA,NA,7.833333333333333,NA,NA,NA,NA,NA,NA,NA,NA,NA,NA,NA,NA,NA,NA,NA,0.16666666666666666,NA,NA,NA,NA,NA,NA,0.5,NA,NA,6.833333333333333,4.166666666666667,NA,NA,NA,NA,NA,NA,NA,NA,NA,NA,NA,NA,NA,NA,NA,NA,NA,NA,NA,1.0437113708906662,0,0,NA,NA,NA,NA,NA,NA,NA,NA,NA,NA,NA,NA,NA,NA,7.62,6.09,NA,90
2014,Baker South,2,NA,NA,NA,NA,NA,NA,NA,NA,NA,17.5,NA,NA,NA,NA,NA,NA,NA,0.3333333333333333,NA,NA,NA,NA,NA,NA,NA,NA,NA,NA,NA,2.1666666666666665,NA,NA,NA,NA,NA,NA,NA,NA,NA,NA,NA,NA,NA,NA,NA,0.16666666666666666,NA,NA,NA,NA,NA,NA,NA,NA,NA,5.166666666666667,2.8333333333333335,NA,NA,NA,NA,NA,NA,NA,NA,NA,NA,NA,NA,NA,NA,NA,NA,NA,NA,NA,NA,NA,NA,NA,NA,NA,NA,NA,NA,NA,NA,NA,0,0,0,NA,NA,7.7,9.4488,NA,43.75
2014,Baker South,3,NA,NA,NA,NA,NA,NA,NA,NA,NA,41,NA,NA,NA,NA,NA,NA,NA,0.5,NA,NA,NA,NA,NA,NA,NA,NA,NA,NA,NA,3,NA,NA,NA,0.16666666666666666,0.16666666666666666,NA,NA,NA,NA,NA,NA,NA,NA,NA,NA,NA,NA,NA,NA,NA,NA,NA,NA,NA,NA,6.5,29.5,NA,NA,NA,NA,NA,NA,NA,NA,NA,NA,NA,NA,NA,NA,NA,NA,NA,NA,NA,NA,NA,NA,NA,NA,NA,NA,NA,NA,NA,NA,NA,0,0,0,NA,NA,7.6,7.1,NA,31.25
2014,Baker South,4,NA,NA,NA,NA,NA,0.6666666666666666,NA,0.16666666666666666,NA,NA,NA,NA,NA,NA,NA,NA,NA,0.3333333333333333,NA,NA,NA,NA,NA,NA,NA,NA,NA,NA,NA,2.8333333333333335,NA,NA,NA,0.16666666666666666,NA,NA,NA,NA,NA,NA,NA,NA,NA,NA,NA,0.3333333333333333,NA,NA,NA,NA,NA,NA,NA,NA,NA,4.166666666666667,56.5,NA,NA,NA,NA,NA,NA,NA,NA,NA,NA,NA,NA,NA,NA,NA,NA,NA,NA,NA,NA,NA,NA,NA,NA,NA,NA,NA,NA,NA,NA,NA,0,0,0,NA,NA,7.7,6.1,NA,38.75
2014,Calf Island,1,NA,NA,NA,NA,NA,2.5,0.3333333333333333,NA,NA,11.5,NA,NA,NA,NA,NA,NA,NA,NA,NA,NA,NA,NA,NA,NA,NA,NA,NA,NA,2.1666666666666665,0,NA,NA,NA,NA,0.16666666666666666,0.16666666666666666,NA,NA,NA,NA,NA,NA,NA,NA,NA,NA,NA,NA,NA,NA,NA,NA,NA,NA,NA,10.5,5.666666666666667,0.6666666666666666,NA,0.16666666666666666,NA,NA,NA,NA,NA,NA,NA,NA,NA,NA,NA,NA,NA,NA,NA,NA,NA,NA,NA,NA,NA,NA,NA,NA,NA,NA,NA,NA,1.3151167486975182,0.040193768177335415,NA,NA,NA,7.4,8.3,14,81.25
2014,Calf Island,2,NA,NA,NA,NA,NA,2.3333333333333335,0.16666666666666666,NA,NA,2.1666666666666665,NA,NA,NA,NA,NA,NA,NA,NA,0.3333333333333333,NA,NA,NA,NA,NA,NA,NA,NA,NA,0.6666666666666666,0.5,NA,NA,NA,NA,0.8333333333333334,0.5,NA,NA,NA,NA,0.16666666666666666,NA,NA,NA,NA,0.16666666666666666,NA,NA,NA,NA,NA,NA,NA,NA,NA,10.5,1.5,0.16666666666666666,NA,0.16666666666666666,NA,NA,NA,NA,NA,NA,NA,NA,NA,NA,NA,NA,NA,NA,NA,NA,NA,NA,NA,NA,NA,NA,NA,NA,NA,NA,NA,NA,NA,0.02411626090640125,NA,NA,NA,7.6,5.3,13,82.5
2014,Calf Island,3,NA,NA,NA,NA,NA,NA,0.16666666666666666,0,NA,1.1666666666666667,NA,NA,NA,NA,NA,NA,NA,NA,0.16666666666666666,NA,NA,NA,NA,NA,NA,NA,NA,NA,NA,0.8333333333333334,NA,NA,NA,NA,1.6666666666666667,NA,NA,NA,NA,NA,0.3333333333333333,NA,NA,NA,NA,NA,NA,NA,NA,NA,NA,NA,NA,NA,NA,4.5,0.5,NA,NA,0.16666666666666666,NA,NA,NA,NA,NA,NA,NA,NA,NA,NA,NA,NA,NA,NA,NA,NA,NA,NA,NA,NA,NA,NA,NA,NA,NA,NA,NA,NA,NA,NA,NA,NA,NA,8.5,8,13,68.75
2014,Calf Island,4,NA,0.5,NA,NA,NA,NA,NA,NA,NA,0.6666666666666666,NA,NA,NA,NA,NA,NA,NA,NA,0.3333333333333333,NA,NA,NA,NA,NA,NA,NA,NA,NA,0.3333333333333333,0.3333333333333333,NA,NA,NA,NA,1.6666666666666667,NA,NA,NA,NA,NA,0.16666666666666666,NA,NA,NA,NA,0.16666666666666666,NA,NA,NA,NA,NA,NA,NA,NA,NA,3.1666666666666665,1,NA,NA,NA,NA,NA,NA,NA,NA,NA,NA,NA,NA,NA,NA,NA,NA,NA,NA,NA,NA,NA,NA,NA,NA,NA,NA,NA,NA,NA,NA,NA,1.6438959358718976,0.77172034900484,NA,NA,NA,8.1,9.5,14,56.25
2014,Little Brewster,1,NA,NA,NA,NA,NA,NA,0.8333333333333334,NA,NA,0.16666666666666666,NA,NA,NA,NA,NA,NA,NA,NA,NA,NA,NA,NA,NA,NA,NA,NA,NA,NA,NA,NA,NA,NA,NA,NA,NA,0.16666666666666666,NA,NA,NA,NA,NA,NA,NA,NA,NA,NA,NA,NA,NA,NA,NA,NA,NA,NA,NA,2.5,0.5,NA,NA,NA,NA,NA,NA,NA,NA,NA,NA,NA,NA,NA,NA,NA,NA,NA,NA,NA,NA,NA,NA,NA,NA,NA,NA,NA,NA,NA,NA,NA,0.9863375615231386,0.02411626090640125,NA,NA,NA,8.5,8.5,13,36.25
2014,Little Brewster,2,NA,NA,NA,NA,NA,NA,3,NA,NA,2.3333333333333335,NA,NA,NA,NA,NA,NA,NA,NA,0.16666666666666666,NA,NA,NA,NA,NA,NA,NA,NA,NA,0.6666666666666666,0.16666666666666666,NA,NA,NA,NA,NA,NA,NA,NA,NA,NA,NA,NA,NA,NA,NA,NA,NA,NA,NA,NA,NA,NA,NA,NA,NA,4.333333333333333,0.3333333333333333,0.5,NA,NA,NA,NA,NA,NA,NA,NA,NA,NA,NA,NA,NA,NA,NA,NA,NA,NA,NA,NA,NA,NA,NA,NA,NA,NA,NA,NA,NA,NA,1.3151167486975182,0.02411626090640125,NA,NA,NA,6.4,8.9,15,76.25
2014,Little Brewster,3,NA,NA,NA,NA,NA,NA,0.3333333333333333,NA,NA,3.1666666666666665,NA,NA,NA,NA,NA,NA,NA,NA,0.16666666666666666,NA,NA,NA,NA,NA,NA,NA,NA,NA,0.5,NA,NA,NA,NA,NA,NA,NA,NA,NA,NA,NA,NA,NA,NA,NA,NA,NA,NA,NA,NA,NA,NA,NA,NA,NA,NA,8,1.1666666666666667,NA,NA,NA,NA,NA,NA,NA,NA,NA,NA,NA,NA,NA,NA,NA,NA,NA,NA,NA,NA,NA,NA,NA,NA,NA,NA,NA,NA,NA,NA,NA,1.3151167486975182,0.02411626090640125,NA,NA,NA,7.1,7.2,15,53.75
2014,Little Brewster,4,NA,NA,NA,NA,NA,NA,0.8333333333333334,NA,NA,5.5,NA,NA,NA,NA,NA,NA,NA,NA,NA,NA,NA,NA,NA,NA,NA,NA,NA,NA,2.3333333333333335,NA,NA,NA,NA,NA,NA,NA,NA,NA,NA,NA,NA,NA,NA,NA,NA,NA,NA,NA,NA,NA,NA,NA,NA,NA,NA,11.5,1.5,NA,NA,NA,NA,NA,NA,NA,NA,NA,NA,NA,NA,NA,NA,NA,NA,NA,NA,NA,NA,NA,NA,NA,NA,NA,NA,NA,NA,NA,NA,NA,0.32877918717437954,NA,NA,NA,NA,7.3,7,13,25
2014,NE Appledore,Broad Cove,NA,0,NA,NA,NA,0,NA,0,NA,0.5,NA,NA,NA,NA,NA,0,NA,0,0.16666666666666666,NA,NA,NA,NA,NA,NA,NA,NA,NA,0.5,0.3333333333333333,NA,NA,NA,NA,0,NA,0.16666666666666666,NA,NA,NA,NA,NA,NA,NA,NA,0.16666666666666666,NA,0.16666666666666666,NA,NA,NA,NA,NA,2.1666666666666665,NA,22.333333333333332,2.5,NA,NA,NA,NA,NA,NA,NA,NA,NA,NA,NA,NA,NA,NA,NA,NA,NA,NA,NA,29.919725965532432,NA,NA,NA,NA,NA,NA,NA,NA,NA,NA,NA,NA,NA,NA,NA,NA,6,8.4,9,93.75
2014,NE Appledore,Broadway and 42nd,NA,1.3333333333333333,NA,NA,NA,0,NA,3.1666666666666665,NA,0,0.16666666666666666,NA,NA,NA,NA,0,NA,0,0.16666666666666666,NA,NA,NA,NA,NA,NA,NA,NA,NA,1.1666666666666667,1.6666666666666667,NA,NA,NA,NA,0.6666666666666666,NA,0,0.16666666666666666,NA,NA,NA,NA,NA,NA,NA,0.3333333333333333,NA,0.16666666666666666,NA,NA,0.16666666666666666,NA,NA,6.166666666666667,NA,0.5,1.3333333333333333,NA,NA,0.16666666666666666,NA,NA,NA,NA,NA,NA,NA,NA,NA,NA,NA,NA,NA,NA,NA,NA,NA,NA,NA,NA,NA,NA,NA,NA,NA,NA,NA,NA,NA,NA,NA,NA,NA,10.8,8.4,7,95
2014,NE Appledore,Devil's Dance Floor,NA,1,NA,NA,NA,0,NA,1.3333333333333333,NA,1.3333333333333333,NA,NA,NA,NA,0.16666666666666666,0,NA,0.3333333333333333,NA,NA,NA,NA,NA,NA,NA,NA,NA,NA,0.16666666666666666,1.6666666666666667,NA,NA,NA,NA,0.16666666666666666,NA,0,NA,NA,NA,NA,NA,NA,NA,NA,NA,NA,0.16666666666666666,NA,NA,NA,NA,NA,13,NA,1.5,0.8333333333333334,NA,NA,0.5,NA,NA,NA,NA,NA,NA,NA,NA,NA,NA,NA,NA,NA,NA,NA,NA,13.220344031281773,NA,NA,NA,NA,NA,NA,NA,NA,NA,NA,NA,NA,0.016077507270934165,NA,NA,NA,11.1,5,8,87.5
2014,NE Appledore,Norwegian Cove,NA,1.5,NA,NA,NA,0,NA,0.3333333333333333,NA,0.16666666666666666,NA,NA,NA,NA,NA,0,NA,0,NA,NA,NA,NA,NA,NA,NA,NA,NA,NA,1.3333333333333333,0.5,NA,NA,NA,NA,0.3333333333333333,NA,0.16666666666666666,NA,NA,NA,NA,NA,NA,NA,NA,NA,NA,0.16666666666666666,NA,NA,NA,NA,NA,7.833333333333333,NA,3.5,0.3333333333333333,NA,NA,NA,NA,NA,NA,NA,NA,NA,NA,NA,NA,NA,NA,NA,NA,NA,NA,NA,8.34969096712533,NA,NA,NA,NA,NA,NA,NA,NA,NA,NA,NA,NA,NA,NA,NA,NA,9.8,10.1,9,88.75
2014,Nubble Lighthouse,1,NA,5.166666666666667,NA,NA,NA,0,0,0,35.833333333333336,0.5,NA,NA,NA,NA,NA,0,NA,2.3333333333333335,NA,NA,NA,NA,NA,NA,NA,NA,NA,NA,0,0.16666666666666666,NA,NA,NA,NA,NA,3.1666666666666665,0,0,NA,NA,0.6666666666666666,NA,NA,0.16666666666666666,NA,0.8333333333333334,NA,0.8333333333333334,NA,NA,NA,NA,0.16666666666666666,20.666666666666668,NA,0,0.16666666666666666,NA,NA,NA,NA,NA,NA,NA,NA,NA,NA,NA,NA,NA,NA,NA,NA,NA,NA,NA,NA,NA,NA,NA,NA,NA,NA,NA,NA,NA,NA,NA,NA,0.008038753635467083,NA,NA,NA,7.3,9.1,15,96.25
2014,NW Appledore,Larus Ledge,NA,0.6666666666666666,NA,NA,NA,0,NA,0,NA,0,NA,NA,NA,NA,NA,0,NA,0,0.16666666666666666,NA,NA,NA,NA,NA,NA,NA,NA,NA,0.5,1,NA,NA,NA,NA,0,NA,0.3333333333333333,NA,NA,NA,NA,NA,NA,NA,NA,NA,NA,NA,NA,NA,NA,NA,NA,11.5,NA,1.8333333333333333,0,NA,NA,NA,NA,NA,NA,NA,NA,NA,NA,NA,NA,NA,NA,NA,NA,NA,NA,NA,NA,NA,NA,NA,NA,NA,NA,NA,NA,NA,NA,NA,0.32877918717437954,0.07234878271920375,NA,NA,NA,11.4,4.4,12,76.25
2014,NW Appledore,Magic 8 Ball,NA,0.16666666666666666,NA,NA,NA,0,NA,0,NA,0.5,NA,NA,NA,NA,NA,0.3333333333333333,NA,0.16666666666666666,NA,NA,NA,NA,NA,NA,NA,NA,NA,NA,1.8333333333333333,0.16666666666666666,NA,NA,NA,NA,0.5,NA,0,NA,NA,NA,NA,NA,NA,NA,NA,NA,NA,NA,NA,NA,NA,NA,NA,4.833333333333333,NA,3.6666666666666665,1.3333333333333333,NA,NA,NA,NA,NA,NA,NA,NA,NA,NA,NA,NA,NA,NA,NA,NA,NA,NA,NA,NA,NA,NA,NA,NA,NA,NA,NA,NA,NA,NA,NA,1.9726751230462771,0.6913328126501691,NA,NA,NA,6.3,6.7,NA,60
2014,NW Appledore,North Head,NA,6.666666666666667,NA,NA,NA,0,NA,0.3333333333333333,NA,0.3333333333333333,NA,NA,NA,NA,NA,0,NA,1,NA,NA,NA,NA,NA,NA,NA,NA,NA,NA,NA,0,NA,NA,NA,NA,1.1666666666666667,NA,0,NA,NA,NA,NA,NA,NA,0.16666666666666666,NA,1,NA,NA,NA,NA,NA,NA,0.5,35.833333333333336,NA,2,0.16666666666666666,NA,NA,0.5,NA,NA,NA,NA,NA,NA,NA,NA,NA,NA,NA,NA,NA,NA,NA,NA,NA,NA,NA,NA,NA,NA,NA,NA,NA,NA,NA,NA,NA,NA,NA,NA,NA,9.1,9.6,10,93.75
2014,NW Appledore,Sandpiper Beach,NA,0,NA,NA,NA,0.16666666666666666,NA,0,NA,0,NA,NA,NA,NA,NA,0,NA,0,0.3333333333333333,NA,NA,NA,NA,NA,NA,NA,NA,NA,0.3333333333333333,6.166666666666667,NA,NA,NA,NA,0.16666666666666666,NA,0.3333333333333333,NA,NA,NA,NA,NA,NA,NA,NA,NA,NA,0.16666666666666666,NA,NA,NA,NA,NA,1,NA,2.6666666666666665,3.3333333333333335,NA,NA,NA,NA,NA,NA,NA,NA,NA,NA,NA,NA,NA,NA,NA,NA,NA,NA,NA,0.6958075805937776,NA,NA,NA,NA,NA,NA,NA,NA,NA,NA,NA,NA,0.02411626090640125,NA,NA,NA,9.4,4.5,12.5,96.25
2014,SW Appledore,North Pepperrell,NA,NA,NA,NA,NA,NA,NA,NA,NA,0.16666666666666666,NA,NA,NA,NA,NA,NA,NA,NA,0.3333333333333333,NA,NA,NA,NA,NA,NA,NA,NA,NA,1.5,NA,NA,NA,NA,NA,0.6666666666666666,NA,NA,NA,NA,NA,NA,NA,NA,NA,NA,0.3333333333333333,NA,0.16666666666666666,NA,NA,NA,NA,NA,15.833333333333334,NA,1.3333333333333333,0.16666666666666666,NA,NA,NA,NA,NA,NA,NA,NA,NA,NA,NA,NA,NA,NA,NA,NA,NA,NA,NA,NA,NA,NA,NA,NA,NA,NA,NA,NA,NA,NA,NA,0.6575583743487591,0.08038753635467083,NA,NA,NA,9.2,8.7,11,82.5
2014,SW Appledore,North Smith's Cove,NA,0.5,NA,NA,0.16666666666666666,NA,NA,NA,NA,0.8333333333333334,NA,NA,NA,NA,NA,NA,NA,NA,NA,NA,NA,NA,NA,NA,0.16666666666666666,NA,NA,NA,2.5,0.3333333333333333,0.8333333333333334,NA,NA,NA,0.16666666666666666,NA,0.16666666666666666,0.16666666666666666,NA,NA,NA,NA,NA,NA,NA,NA,NA,1.1666666666666667,NA,NA,NA,NA,NA,1.5,NA,6.666666666666667,2.3333333333333335,NA,NA,NA,NA,NA,NA,NA,NA,NA,NA,NA,NA,NA,NA,NA,NA,NA,NA,NA,1.7395189514844438,NA,NA,NA,NA,NA,NA,NA,NA,NA,NA,NA,0.6575583743487591,0.040193768177335415,NA,NA,NA,9.1,9.1,9,21.25
2014,SW Appledore,South Pepperrell,NA,NA,NA,NA,NA,NA,NA,0.3333333333333333,0.16666666666666666,NA,NA,NA,NA,NA,NA,NA,NA,NA,0.5,NA,NA,NA,NA,0.16666666666666666,NA,NA,NA,NA,1.3333333333333333,NA,NA,NA,NA,NA,NA,NA,NA,NA,NA,NA,NA,NA,NA,NA,NA,0.16666666666666666,NA,0.6666666666666666,NA,NA,NA,NA,0.16666666666666666,106,NA,0.16666666666666666,NA,NA,NA,NA,NA,NA,NA,NA,NA,NA,NA,NA,NA,NA,NA,NA,NA,NA,NA,NA,NA,NA,NA,NA,NA,NA,NA,NA,NA,NA,NA,NA,NA,0,NA,NA,NA,10.3,8.3,11,86.25
2014,SW Appledore,South Smith's Cove,NA,0.3333333333333333,NA,NA,NA,NA,NA,NA,NA,0.3333333333333333,NA,NA,NA,NA,NA,NA,NA,NA,NA,NA,NA,NA,NA,NA,NA,NA,NA,NA,0.3333333333333333,0.8333333333333334,0.16666666666666666,NA,NA,NA,NA,NA,NA,NA,NA,NA,NA,NA,NA,NA,NA,NA,NA,0.3333333333333333,NA,NA,NA,NA,NA,0.6666666666666666,NA,0.3333333333333333,NA,NA,NA,NA,NA,NA,NA,NA,NA,NA,NA,NA,NA,NA,NA,NA,NA,NA,NA,NA,24.353265320782214,NA,NA,NA,NA,NA,NA,NA,NA,NA,NA,NA,NA,NA,NA,NA,NA,8.4,12.6,9,71.25
2015,Baker North,1,NA,1,NA,NA,NA,0,0,0,0,13,NA,NA,NA,NA,NA,0,NA,0,NA,NA,NA,NA,NA,NA,NA,NA,NA,NA,0.8333333333333334,9.166666666666666,NA,NA,NA,NA,0,NA,0,0,NA,NA,NA,NA,NA,NA,NA,0,NA,0.3333333333333333,NA,NA,NA,NA,NA,NA,NA,13.333333333333334,24,NA,NA,NA,NA,NA,NA,NA,NA,NA,NA,NA,NA,NA,NA,NA,NA,NA,NA,NA,NA,NA,NA,NA,NA,NA,NA,NA,NA,NA,NA,NA,18.082855294590875,0.12058130453200624,NA,NA,NA,7.1,8.2,15,76.25
2015,Baker North,2,NA,2.1666666666666665,NA,NA,NA,0,0,0,0,1.3333333333333333,NA,NA,NA,NA,NA,0,0.16666666666666666,0,NA,NA,NA,NA,NA,NA,NA,NA,NA,NA,2,4.5,NA,NA,NA,NA,0,NA,0.16666666666666666,0,NA,NA,NA,NA,NA,NA,NA,0,NA,0,NA,NA,NA,0.3333333333333333,NA,NA,NA,7,1.6666666666666667,NA,NA,NA,NA,NA,NA,NA,NA,NA,NA,NA,NA,NA,NA,NA,NA,NA,NA,NA,NA,NA,NA,NA,NA,NA,NA,NA,NA,NA,NA,NA,3.616571058918175,0.34566640632508455,NA,NA,NA,11,11.8,11,36.25
2015,Baker North,3,NA,0,NA,NA,NA,0.3333333333333333,0,0,0,0,NA,NA,NA,NA,NA,0,NA,0,NA,NA,NA,NA,NA,NA,NA,NA,NA,NA,0.6666666666666666,3,NA,NA,NA,NA,0,NA,0.16666666666666666,0.16666666666666666,NA,NA,NA,NA,NA,NA,NA,0,NA,0,NA,NA,NA,NA,NA,NA,NA,11.333333333333334,9,NA,NA,NA,NA,NA,NA,NA,NA,NA,NA,NA,NA,NA,NA,NA,NA,NA,NA,NA,NA,NA,NA,NA,NA,NA,NA,NA,NA,1.0132390546709418,NA,NA,12.493609112626421,0.30547263814774916,NA,NA,NA,7,5.5,10.6,88.75
2015,Baker North,4,NA,0,NA,NA,NA,1.8333333333333333,3,0,0,2,NA,NA,NA,NA,NA,0,NA,0,NA,NA,NA,NA,NA,NA,NA,NA,NA,NA,0.16666666666666666,0.6666666666666666,NA,NA,NA,NA,0.16666666666666666,NA,0,0,NA,NA,NA,NA,NA,NA,NA,0,NA,0,NA,NA,NA,NA,NA,NA,NA,15,3.1666666666666665,NA,NA,NA,NA,NA,NA,NA,NA,NA,NA,NA,NA,NA,NA,NA,NA,NA,NA,NA,NA,NA,NA,NA,NA,NA,NA,NA,NA,NA,NA,NA,0.6575583743487591,0.20900759452214415,NA,NA,NA,5.7,7.3,17,92.5
2015,Baker South,1,NA,0.16666666666666666,NA,NA,NA,0,0,0,0,0.3333333333333333,NA,NA,NA,NA,NA,0,NA,0,0.6666666666666666,NA,NA,NA,NA,NA,NA,NA,NA,NA,1.5,1.6666666666666667,NA,NA,NA,NA,0,NA,0,0,NA,NA,NA,NA,NA,NA,NA,0,NA,0.16666666666666666,NA,NA,NA,NA,NA,NA,NA,8.333333333333334,2.5,NA,NA,NA,NA,NA,NA,NA,NA,NA,NA,NA,NA,NA,NA,NA,NA,NA,NA,NA,NA,NA,NA,NA,NA,NA,NA,NA,NA,NA,NA,NA,NA,0.02411626090640125,NA,NA,NA,6.3,5.5,13,53.75
2015,Baker South,2,NA,0,NA,NA,NA,0,0,0,0,0,NA,NA,NA,NA,NA,0,NA,0,NA,NA,NA,NA,NA,NA,NA,NA,NA,NA,1.8333333333333333,1.1666666666666667,NA,NA,NA,NA,0,NA,0,0,NA,NA,NA,NA,NA,NA,NA,0,NA,0.16666666666666666,NA,NA,NA,NA,NA,NA,NA,9,1.3333333333333333,NA,NA,NA,NA,NA,NA,NA,NA,NA,NA,NA,NA,NA,NA,NA,NA,NA,NA,NA,NA,NA,NA,NA,NA,NA,NA,NA,NA,NA,NA,NA,8.219479679359488,0.08038753635467083,NA,NA,NA,6.1,7.5,13,42.5
2015,Baker South,3,NA,0,NA,NA,NA,0,0,0,0,0.3333333333333333,1,NA,NA,NA,NA,0,0.16666666666666666,0,NA,NA,NA,NA,NA,NA,NA,NA,NA,NA,2.3333333333333335,0.3333333333333333,NA,NA,NA,NA,0.16666666666666666,NA,0,0.16666666666666666,NA,NA,NA,NA,NA,NA,NA,0,NA,0.16666666666666666,NA,NA,NA,NA,NA,NA,NA,11.666666666666666,10,NA,NA,NA,NA,NA,NA,NA,NA,NA,NA,NA,NA,NA,NA,NA,NA,NA,NA,NA,NA,NA,NA,NA,NA,NA,NA,NA,NA,NA,NA,NA,7.8907004921851085,0.02411626090640125,NA,NA,NA,9.3,8,12.5,41.25
2015,Baker South,4,NA,0.16666666666666666,NA,NA,NA,0,0,0,0,0,NA,NA,NA,NA,NA,0,NA,0.16666666666666666,NA,NA,NA,NA,NA,NA,NA,NA,NA,NA,1,0.3333333333333333,NA,NA,NA,NA,0,NA,0,0.5,NA,NA,NA,NA,NA,NA,NA,0,NA,0.16666666666666666,NA,NA,NA,NA,NA,NA,NA,18.166666666666668,3.3333333333333335,NA,NA,NA,NA,NA,NA,NA,NA,NA,NA,NA,NA,NA,NA,NA,NA,NA,NA,NA,0.6958075805937776,NA,NA,NA,NA,NA,NA,NA,NA,NA,NA,NA,11.507271551103283,NA,NA,NA,NA,6.9,6,13,63.75
2015,Calf Island,1,NA,0,NA,NA,NA,0,1,0,0,12.833333333333334,NA,NA,NA,NA,NA,0,NA,0,NA,NA,NA,NA,NA,NA,NA,NA,NA,NA,0.16666666666666666,4,NA,NA,NA,NA,0.16666666666666666,1,0.3333333333333333,0,NA,NA,1.5,NA,NA,NA,NA,0.16666666666666666,NA,0.16666666666666666,NA,NA,NA,NA,NA,NA,NA,4.833333333333333,3.5,NA,NA,NA,NA,NA,NA,NA,NA,NA,NA,NA,NA,NA,NA,NA,NA,NA,NA,NA,NA,NA,NA,NA,NA,NA,NA,NA,NA,NA,NA,NA,7.561921305010729,NA,NA,NA,NA,6.9,7.3,18,80
2015,Calf Island,2,NA,0,NA,NA,NA,0,0.16666666666666666,0,0,24,NA,NA,NA,NA,NA,0.16666666666666666,NA,0,NA,NA,NA,NA,NA,NA,NA,NA,NA,NA,0,38.333333333333336,NA,NA,NA,NA,0,0.5,0.16666666666666666,0,NA,NA,NA,NA,NA,NA,NA,0.3333333333333333,NA,0.5,NA,NA,NA,NA,NA,NA,NA,3.1666666666666665,6.166666666666667,NA,NA,NA,NA,NA,NA,NA,NA,NA,NA,NA,NA,NA,NA,NA,NA,NA,NA,NA,NA,NA,NA,NA,NA,NA,NA,NA,NA,NA,NA,NA,6.575583743487591,0.016077507270934165,NA,NA,NA,8,10.2,15,53.75
2015,Calf Island,3,NA,0,NA,NA,NA,0,0,0,0,0.6666666666666666,NA,NA,NA,NA,NA,0,NA,0,NA,NA,NA,NA,NA,NA,NA,NA,NA,NA,4.5,1.6666666666666667,NA,NA,NA,NA,0,NA,0,0,NA,NA,2.5,NA,NA,NA,NA,0,NA,0,NA,NA,NA,NA,NA,NA,NA,9.166666666666666,4,NA,NA,NA,NA,NA,NA,NA,NA,NA,NA,NA,NA,NA,NA,NA,NA,NA,NA,NA,NA,NA,NA,NA,NA,NA,NA,NA,NA,NA,NA,NA,2.3014543102206564,0.5948677690245642,NA,NA,NA,7,7.5,16,70
2015,Calf Island,4,NA,0,NA,NA,NA,0,0,0,0,0,NA,NA,NA,NA,NA,0,NA,0,NA,NA,NA,NA,NA,NA,NA,NA,NA,NA,2.1666666666666665,1.5,NA,NA,NA,NA,0,NA,0,0,NA,NA,0.5,NA,NA,NA,NA,0,NA,0.16666666666666666,NA,NA,NA,NA,NA,NA,NA,8.666666666666666,4,NA,NA,NA,NA,NA,NA,NA,NA,NA,NA,NA,NA,NA,NA,NA,NA,NA,NA,NA,NA,NA,NA,NA,NA,NA,NA,NA,NA,NA,NA,NA,2.959012684569416,0.20900759452214415,NA,NA,NA,8.1,9.5,18,66.25
2015,Little Brewster,1,NA,0,NA,NA,NA,0,1,0,0,0,NA,NA,NA,NA,NA,0,0.16666666666666666,0,NA,NA,NA,NA,NA,NA,0.3333333333333333,NA,NA,NA,0.8333333333333334,0.5,NA,0.5,NA,NA,0,NA,0,0,NA,NA,NA,NA,NA,0.3333333333333333,NA,0.16666666666666666,NA,0,NA,NA,NA,NA,NA,NA,NA,6.166666666666667,2.8333333333333335,NA,NA,NA,NA,NA,NA,NA,NA,NA,NA,NA,NA,NA,NA,NA,NA,NA,NA,NA,NA,NA,NA,NA,NA,NA,NA,NA,NA,NA,NA,NA,0.6575583743487591,NA,NA,NA,NA,6.7,10,16,56.25
2015,Little Brewster,2,NA,0,NA,NA,NA,0.3333333333333333,0.16666666666666666,0,0.5,0,1,NA,NA,NA,NA,0.3333333333333333,0.16666666666666666,0,0.3333333333333333,NA,NA,NA,NA,NA,NA,NA,NA,NA,0,0,NA,1,NA,NA,0,NA,0.3333333333333333,0.16666666666666666,NA,NA,0.5,NA,NA,NA,NA,0.5,NA,0.16666666666666666,NA,NA,NA,NA,NA,NA,NA,6,1.6666666666666667,NA,NA,NA,NA,NA,NA,NA,NA,NA,NA,NA,NA,NA,NA,NA,NA,NA,NA,NA,NA,NA,NA,NA,NA,NA,NA,NA,NA,NA,NA,NA,NA,0.06431002908373666,NA,NA,NA,5.8,6.1,18.9,70
2015,Little Brewster,3,NA,0,NA,NA,NA,0,0.6666666666666666,0,0,0,NA,NA,NA,NA,NA,0,NA,0,NA,NA,NA,NA,NA,NA,NA,NA,NA,NA,3.6666666666666665,0.3333333333333333,NA,0.3333333333333333,NA,NA,0,NA,0,0,NA,NA,NA,NA,NA,NA,NA,0.16666666666666666,NA,0.16666666666666666,NA,NA,NA,NA,NA,NA,NA,10.5,6.166666666666667,NA,NA,NA,NA,NA,NA,NA,NA,NA,NA,NA,NA,NA,NA,NA,NA,NA,NA,NA,NA,NA,NA,NA,NA,NA,NA,NA,NA,NA,NA,NA,12.493609112626421,0.03215501454186833,NA,NA,NA,8.7,7.2,18.3,60
2015,Little Brewster,4,NA,0,NA,NA,NA,0,0,0.16666666666666666,4.166666666666667,0,NA,NA,NA,NA,NA,0,NA,0,NA,NA,NA,NA,NA,NA,NA,NA,NA,0.16666666666666666,1.6666666666666667,0.6666666666666666,NA,0.16666666666666666,NA,NA,0,NA,0,0,NA,NA,0.3333333333333333,NA,NA,NA,NA,0.5,NA,0.16666666666666666,NA,NA,NA,NA,NA,NA,NA,4.5,1.6666666666666667,NA,NA,NA,NA,NA,NA,NA,NA,NA,NA,NA,NA,NA,NA,NA,NA,NA,NA,NA,NA,NA,NA,NA,NA,NA,NA,NA,NA,NA,NA,NA,1.6438959358718976,NA,NA,NA,NA,6.1,5.5,17,86.25
2015,Nahant,Canoe Beach 1,NA,NA,NA,NA,NA,NA,NA,NA,NA,NA,NA,NA,NA,NA,NA,0.16666666666666666,NA,NA,NA,NA,NA,NA,NA,NA,NA,NA,NA,NA,NA,NA,NA,NA,NA,NA,0.16666666666666666,NA,0.16666666666666666,NA,NA,NA,NA,NA,NA,NA,NA,NA,NA,NA,NA,NA,NA,NA,NA,NA,NA,9.166666666666666,4,NA,NA,NA,NA,NA,NA,NA,NA,NA,NA,NA,NA,NA,NA,NA,NA,NA,NA,NA,NA,NA,NA,0.8985937500000001,NA,NA,NA,NA,NA,NA,NA,NA,NA,0.05627127544826958,NA,NA,NA,7.3,10,11,55
2015,Nahant,Canoe Beach 2,NA,NA,NA,NA,NA,NA,1.5,NA,NA,NA,NA,NA,NA,NA,NA,0.16666666666666666,NA,NA,NA,NA,NA,NA,NA,NA,NA,NA,NA,NA,1.8333333333333333,NA,NA,0.16666666666666666,NA,NA,NA,NA,NA,1.5,NA,NA,NA,NA,NA,NA,NA,NA,NA,NA,NA,NA,NA,NA,NA,NA,NA,6.166666666666667,NA,NA,NA,NA,NA,NA,NA,NA,NA,NA,NA,NA,NA,NA,NA,NA,NA,NA,NA,NA,NA,NA,NA,NA,NA,NA,NA,NA,NA,NA,NA,NA,2.3014543102206564,NA,NA,NA,NA,6.09,5.49,21,55
2015,Nahant,Pumphouse Beach 1,NA,NA,NA,NA,NA,0.8333333333333334,NA,NA,NA,NA,NA,NA,NA,NA,NA,1,NA,0.16666666666666666,NA,NA,NA,NA,NA,NA,NA,NA,NA,NA,NA,NA,NA,NA,NA,NA,NA,NA,0.16666666666666666,NA,NA,NA,NA,NA,NA,NA,NA,NA,NA,NA,NA,NA,NA,NA,NA,NA,NA,5.666666666666667,7.666666666666667,NA,NA,NA,NA,NA,NA,NA,NA,NA,NA,NA,NA,NA,NA,NA,NA,NA,NA,NA,NA,NA,NA,NA,NA,NA,NA,NA,NA,NA,NA,NA,NA,NA,NA,NA,NA,5.49,4.88,13.89,31.25
2015,Nahant,Pumphouse Beach 2,NA,NA,NA,NA,NA,0.5,NA,NA,NA,NA,NA,NA,NA,NA,NA,0.3333333333333333,NA,0.16666666666666666,NA,NA,NA,NA,NA,NA,NA,NA,NA,NA,NA,NA,NA,NA,NA,NA,NA,NA,NA,NA,NA,NA,NA,NA,NA,NA,NA,NA,NA,NA,NA,NA,NA,NA,NA,NA,NA,4.5,12.666666666666666,NA,NA,NA,NA,NA,NA,NA,NA,NA,NA,NA,NA,NA,NA,NA,NA,NA,NA,NA,NA,NA,NA,NA,NA,NA,NA,NA,NA,NA,NA,NA,NA,0.008038753635467083,NA,NA,NA,4.57,1.83,12.78,28.75
2015,NE Appledore,Broad Cove,NA,0.16666666666666666,NA,NA,NA,0,0,0,0,2.8333333333333335,NA,NA,NA,NA,NA,0.5,NA,0,NA,NA,NA,NA,NA,NA,NA,NA,NA,NA,2.6666666666666665,2.6666666666666665,NA,NA,NA,NA,0,NA,0,0,NA,NA,NA,NA,NA,NA,NA,0.3333333333333333,NA,0.3333333333333333,NA,NA,NA,NA,NA,0.8333333333333334,NA,7.666666666666667,6.833333333333333,NA,NA,NA,NA,NA,NA,NA,NA,NA,NA,NA,NA,NA,NA,NA,NA,NA,NA,NA,NA,0.20963291207783222,NA,NA,NA,NA,NA,NA,NA,NA,NA,NA,NA,0.008038753635467083,NA,NA,NA,7.7,8.7,12.5,98.75
2015,NE Appledore,Broadway and 42nd,NA,3.8333333333333335,4.166666666666667,NA,NA,0,0,0,0,28.166666666666668,NA,NA,NA,NA,NA,0,NA,0,NA,NA,NA,NA,NA,NA,NA,NA,NA,NA,0.3333333333333333,15,NA,NA,NA,NA,0,0.6666666666666666,0.16666666666666666,0.16666666666666666,NA,NA,NA,NA,NA,NA,NA,0,NA,0.3333333333333333,NA,NA,0.5,NA,NA,0.5,NA,3.1666666666666665,2,NA,NA,NA,NA,0.16666666666666666,NA,NA,NA,NA,NA,NA,NA,NA,NA,NA,NA,NA,NA,NA,NA,NA,NA,NA,NA,NA,NA,NA,NA,NA,NA,NA,NA,0.12862005816747332,NA,NA,NA,8.7,8,13,96.25
2015,NE Appledore,Devil's Dance Floor,NA,0,NA,0.16666666666666666,NA,0,0,0,0,73.33333333333333,NA,NA,NA,NA,NA,0.3333333333333333,NA,0,NA,NA,NA,NA,NA,NA,NA,NA,NA,NA,3,18,NA,NA,NA,NA,0.3333333333333333,NA,0.5,0,NA,NA,0,NA,NA,NA,NA,0.5,NA,0.3333333333333333,NA,NA,2.8333333333333335,NA,NA,0.16666666666666666,NA,11.666666666666666,13.333333333333334,NA,NA,NA,NA,NA,NA,NA,NA,NA,NA,NA,NA,NA,NA,NA,NA,NA,NA,NA,8.34969096712533,NA,NA,NA,NA,NA,NA,NA,NA,NA,NA,NA,5.918025369138832,0.4742864644925579,NA,NA,NA,8.5,8,15,85
2015,NE Appledore,Norwegian Cove,NA,1.3333333333333333,3.3333333333333335,NA,NA,0,0,0,0,3,NA,NA,NA,NA,NA,0.3333333333333333,NA,0,NA,NA,NA,NA,NA,NA,NA,NA,NA,NA,0,8.333333333333334,NA,NA,NA,NA,0.3333333333333333,0.16666666666666666,0.3333333333333333,0,NA,NA,NA,NA,NA,NA,NA,0,NA,0.3333333333333333,NA,NA,NA,NA,NA,0.16666666666666666,NA,7.333333333333333,31.166666666666668,NA,NA,NA,NA,0.16666666666666666,NA,NA,NA,NA,NA,NA,NA,NA,NA,NA,NA,NA,NA,NA,NA,0.11098212992355824,NA,NA,0.033281250000000005,NA,NA,NA,NA,NA,NA,NA,NA,0.16881382634480874,NA,NA,NA,10.2,8,NA,92.5
2015,Nubble Lighthouse,1,NA,2,NA,NA,NA,NA,NA,0.16666666666666666,NA,NA,NA,NA,NA,NA,0.8333333333333334,0.16666666666666666,NA,NA,0.16666666666666666,NA,NA,NA,NA,NA,0.16666666666666666,NA,NA,NA,1.3333333333333333,1.6666666666666667,NA,0.8333333333333334,NA,NA,0.5,NA,NA,0.5,NA,NA,NA,NA,NA,NA,NA,0.16666666666666666,2.1666666666666665,NA,NA,NA,NA,NA,NA,NA,NA,5.5,10.666666666666666,NA,NA,NA,NA,NA,NA,NA,NA,NA,NA,NA,NA,NA,NA,NA,NA,NA,NA,NA,NA,NA,NA,NA,NA,NA,NA,NA,NA,NA,NA,NA,0.9863375615231386,0.0482325218128025,NA,NA,NA,6.4,10,13.3,NA
2015,NW Appledore,Larus Ledge,NA,2,0.6666666666666666,NA,NA,0,0,0,NA,0.8333333333333334,NA,NA,NA,NA,NA,0.6666666666666666,NA,0,NA,NA,NA,NA,NA,NA,NA,NA,NA,NA,0,0.8333333333333334,NA,NA,NA,NA,0,0.16666666666666666,0.3333333333333333,0,NA,NA,NA,NA,NA,NA,NA,0,NA,0.3333333333333333,NA,NA,NA,NA,0.3333333333333333,13.666666666666666,NA,1.5,2.6666666666666665,NA,NA,NA,NA,NA,NA,NA,NA,NA,NA,NA,NA,NA,NA,NA,NA,NA,NA,NA,0.3479037902968888,NA,NA,NA,NA,NA,NA,NA,NA,NA,NA,NA,NA,0.08842628999013792,NA,NA,NA,10.3,8.9,15.6,77.5
2015,NW Appledore,Magic 8 Ball,NA,1.1666666666666667,NA,NA,NA,0,0,0,NA,0,NA,NA,NA,NA,NA,0,NA,0,NA,NA,NA,NA,NA,NA,NA,NA,NA,NA,2.5,0.5,NA,NA,NA,NA,0,NA,0.5,0,NA,NA,NA,NA,NA,NA,NA,0,NA,0.16666666666666666,NA,NA,NA,NA,NA,2.3333333333333335,NA,6,2,NA,NA,NA,NA,NA,NA,NA,NA,NA,NA,NA,NA,NA,NA,NA,NA,NA,NA,NA,0.3479037902968888,NA,NA,NA,NA,NA,NA,NA,NA,NA,NA,NA,NA,0.05627127544826958,NA,NA,NA,8.5,10,15.6,86.25
2015,NW Appledore,North Head,NA,1.5,2.6666666666666665,NA,NA,0,0,0,NA,3.8333333333333335,NA,NA,NA,NA,NA,0.16666666666666666,0.16666666666666666,0,NA,NA,NA,NA,NA,NA,NA,NA,NA,NA,0,0.6666666666666666,NA,NA,NA,NA,0,0.3333333333333333,0.6666666666666666,0,NA,NA,NA,NA,NA,NA,NA,0.3333333333333333,NA,0.3333333333333333,NA,NA,NA,NA,0.8333333333333334,21.333333333333332,NA,2,3.8333333333333335,NA,NA,NA,NA,NA,NA,NA,NA,NA,NA,NA,NA,NA,NA,NA,NA,NA,NA,NA,4.174845483562665,0.024662695538568497,NA,NA,NA,NA,NA,NA,NA,NA,NA,NA,NA,0.040193768177335415,NA,NA,NA,10.1,9.4,14,98.75
2015,NW Appledore,Sandpiper Beach,NA,0,NA,NA,NA,0,0,0,NA,0,NA,NA,NA,NA,NA,0,NA,0,NA,NA,NA,NA,NA,NA,NA,NA,NA,NA,0.16666666666666666,0.3333333333333333,NA,NA,NA,NA,0,NA,0.16666666666666666,0,NA,NA,NA,NA,NA,NA,NA,0.6666666666666666,NA,0.3333333333333333,NA,NA,NA,NA,NA,4,NA,3.3333333333333335,2.1666666666666665,NA,NA,NA,NA,NA,NA,NA,NA,NA,NA,NA,NA,NA,NA,NA,NA,NA,NA,NA,4.174845483562665,NA,NA,NA,NA,NA,NA,NA,NA,NA,NA,NA,NA,0.008038753635467083,NA,NA,NA,9.1,5.5,15,97.5
2015,SW Appledore,North Pepperrell,NA,0.3333333333333333,NA,NA,NA,0,0,0,0,0,NA,NA,NA,NA,NA,0,NA,0,NA,NA,NA,NA,NA,NA,NA,NA,NA,NA,2.1666666666666665,0,NA,NA,NA,NA,1,NA,0.3333333333333333,0,NA,NA,NA,NA,NA,NA,NA,0,NA,0.16666666666666666,NA,NA,NA,NA,NA,14.333333333333334,NA,3,1.1666666666666667,NA,NA,NA,NA,NA,NA,NA,NA,NA,NA,NA,NA,NA,NA,NA,NA,NA,NA,NA,NA,NA,NA,NA,NA,NA,NA,NA,NA,NA,NA,NA,NA,0.02411626090640125,NA,NA,NA,10.4,11.3,12.8,71.25
2015,SW Appledore,North Smith's Cove,NA,0,0.16666666666666666,NA,NA,0,0,0,0,3,NA,NA,NA,NA,NA,0.8333333333333334,NA,0.16666666666666666,NA,NA,NA,NA,NA,NA,0.6666666666666666,NA,NA,NA,0,0.16666666666666666,NA,NA,NA,NA,0,0.16666666666666666,0.16666666666666666,0,NA,NA,NA,NA,NA,NA,NA,0,NA,0.6666666666666666,NA,NA,NA,NA,NA,0.5,NA,0.3333333333333333,0.5,NA,NA,NA,NA,NA,NA,NA,NA,NA,NA,NA,NA,NA,NA,NA,NA,NA,NA,NA,NA,NA,NA,NA,NA,NA,NA,NA,NA,NA,NA,NA,NA,0.008038753635467083,NA,NA,NA,4.5,4,16,81.25
2015,SW Appledore,South Pepperrell,NA,0,NA,NA,NA,0,0,0,0,0,NA,NA,NA,NA,NA,0.16666666666666666,NA,0.16666666666666666,NA,NA,NA,NA,NA,NA,NA,NA,NA,NA,0.16666666666666666,0.6666666666666666,NA,NA,0.5,NA,0.3333333333333333,NA,0,0,NA,NA,NA,NA,NA,NA,NA,0.5,NA,0.16666666666666666,NA,NA,NA,NA,NA,8.333333333333334,NA,1.5,1.6666666666666667,NA,NA,NA,NA,NA,NA,NA,NA,NA,NA,NA,NA,NA,NA,NA,NA,NA,NA,NA,NA,NA,NA,NA,NA,NA,NA,NA,NA,NA,1.6255041265638883,NA,NA,NA,NA,NA,NA,7.6,4.9,15.6,78.75
2015,SW Appledore,South Smith's Cove,NA,0.16666666666666666,NA,NA,NA,0,0,0,0,1.5,NA,NA,NA,NA,NA,0.6666666666666666,NA,0,NA,NA,NA,NA,NA,NA,0.16666666666666666,NA,NA,NA,0,1.6666666666666667,NA,NA,NA,NA,0,NA,0.16666666666666666,0.16666666666666666,NA,NA,NA,NA,NA,NA,NA,0.3333333333333333,NA,0.16666666666666666,NA,NA,NA,NA,0.16666666666666666,3.6666666666666665,NA,0.5,1,NA,NA,NA,NA,NA,NA,NA,NA,NA,NA,NA,NA,NA,NA,NA,NA,NA,NA,NA,NA,NA,NA,NA,NA,NA,NA,NA,NA,NA,NA,NA,NA,NA,NA,NA,NA,6.8,7.1,NA,72.5
2016,Baker North,1,NA,0,NA,NA,NA,0,0,0,0,0,NA,NA,NA,NA,NA,0,NA,0,NA,NA,NA,NA,NA,NA,NA,NA,NA,NA,0,0,NA,NA,NA,NA,0.16666666666666666,NA,0.3333333333333333,0.5,NA,NA,NA,NA,NA,NA,NA,0,NA,0.16666666666666666,NA,NA,NA,NA,NA,NA,NA,9.5,1.3333333333333333,NA,NA,NA,NA,NA,NA,NA,NA,NA,NA,NA,NA,NA,NA,NA,NA,NA,NA,NA,NA,NA,NA,NA,NA,NA,NA,NA,NA,NA,NA,NA,4.274129433266934,0.3697826672314858,71.07108797862806,NA,NA,8.2,8.8,16.7,87.5
2016,Baker North,2,NA,0,NA,NA,NA,0,0,0,0,0,NA,NA,NA,NA,NA,0,NA,0,NA,NA,NA,NA,NA,NA,NA,NA,NA,NA,0,0,NA,NA,NA,NA,0,NA,0.3333333333333333,0,NA,NA,NA,NA,NA,NA,NA,0,NA,0,NA,NA,NA,NA,NA,NA,NA,5.166666666666667,0.6666666666666666,NA,NA,NA,NA,NA,NA,NA,NA,NA,NA,NA,NA,NA,NA,NA,NA,NA,NA,NA,NA,NA,NA,NA,NA,NA,NA,NA,NA,NA,NA,NA,5.918025369138832,0.06431002908373666,142.14217595725611,NA,NA,5.7,6.8,23,98.75
2016,Baker North,3,NA,0,NA,NA,NA,0,0.5,0,0,0,NA,NA,NA,NA,NA,0.16666666666666666,NA,0,NA,NA,NA,NA,NA,NA,NA,NA,NA,NA,0,0,NA,NA,NA,NA,0.16666666666666666,NA,0,0.5,NA,NA,NA,NA,NA,NA,NA,0.3333333333333333,NA,0,NA,NA,NA,NA,NA,NA,NA,1,3.1666666666666665,NA,NA,NA,NA,NA,NA,NA,NA,NA,NA,NA,NA,NA,NA,NA,NA,NA,NA,NA,NA,NA,NA,NA,NA,NA,NA,NA,NA,NA,NA,NA,NA,NA,NA,NA,NA,6.7,6.4,NA,92.5
2016,Baker North,4,NA,0,NA,NA,NA,0.16666666666666666,0,0,0,0,NA,NA,NA,NA,NA,0,NA,0,NA,NA,NA,NA,NA,NA,NA,NA,NA,NA,0,0,NA,NA,NA,NA,0,NA,0.3333333333333333,0,NA,NA,NA,NA,NA,NA,NA,0,NA,0,NA,NA,NA,NA,NA,NA,NA,4,0.3333333333333333,NA,NA,NA,NA,NA,NA,NA,NA,NA,NA,NA,NA,NA,NA,NA,NA,NA,NA,NA,NA,NA,NA,NA,NA,NA,NA,NA,NA,NA,NA,NA,0.32877918717437954,0.06431002908373666,NA,NA,NA,7.2,7.2,19,91.25
2016,Baker South,1,NA,0,NA,NA,NA,0,0,0,0,0,NA,NA,NA,NA,NA,0,NA,0,NA,NA,NA,NA,NA,NA,NA,NA,NA,NA,0,0,NA,NA,NA,NA,0,NA,0,0,NA,NA,NA,NA,NA,NA,NA,0.16666666666666666,NA,0.16666666666666666,NA,NA,NA,NA,NA,NA,NA,10.5,2.3333333333333335,NA,NA,NA,NA,NA,NA,NA,NA,NA,NA,NA,NA,NA,NA,NA,NA,NA,NA,NA,NA,NA,NA,NA,NA,NA,NA,NA,NA,NA,NA,NA,2.959012684569416,0.2813563772413479,NA,NA,NA,7.2,8,20,63.75
2016,Baker South,2,NA,0,NA,NA,NA,0,0,0,0,0,NA,NA,NA,NA,NA,0,NA,0.16666666666666666,NA,NA,NA,NA,NA,NA,NA,NA,NA,NA,0,0,NA,NA,NA,NA,0,NA,0,0,NA,NA,NA,NA,NA,NA,NA,0,NA,0.5,NA,NA,NA,NA,NA,NA,NA,4.5,0.6666666666666666,NA,NA,NA,NA,NA,NA,NA,NA,NA,NA,NA,NA,NA,NA,NA,NA,NA,NA,NA,NA,NA,NA,NA,NA,NA,NA,NA,NA,NA,NA,NA,0.9863375615231386,0.10450379726107208,NA,NA,NA,7.5,7.7,20,57.5
2016,Baker South,3,NA,0,NA,NA,NA,0.3333333333333333,0,0,0,0,NA,NA,NA,NA,NA,0.8333333333333334,NA,0,NA,NA,NA,NA,NA,NA,NA,NA,NA,NA,0,0,NA,NA,NA,NA,0,NA,0.16666666666666666,0,NA,NA,NA,NA,NA,NA,NA,0,NA,0,NA,NA,NA,NA,NA,NA,NA,8.333333333333334,1.1666666666666667,NA,NA,NA,NA,NA,NA,NA,NA,NA,NA,NA,NA,NA,NA,NA,NA,NA,NA,NA,NA,NA,NA,NA,NA,NA,NA,NA,NA,NA,NA,NA,0.9863375615231386,0.07234878271920375,NA,NA,NA,7.8,7,21,22.5
2016,Baker South,4,NA,0,NA,NA,NA,0,0,0,0,0,NA,NA,NA,NA,NA,0.16666666666666666,NA,0,NA,NA,NA,NA,NA,NA,NA,NA,NA,NA,0,0,NA,NA,NA,NA,0,NA,0,0,NA,NA,NA,NA,NA,NA,NA,0,NA,0,NA,NA,NA,NA,NA,NA,NA,5,0.8333333333333334,NA,NA,NA,NA,NA,NA,NA,NA,NA,NA,NA,NA,NA,NA,NA,NA,NA,NA,NA,NA,NA,NA,NA,NA,NA,NA,NA,NA,NA,NA,NA,0.9863375615231386,0.040193768177335415,NA,NA,NA,7.2,8.1,NA,3.75
2016,Calf Island,1,NA,0.6666666666666666,NA,NA,NA,0,0,0,0,0.16666666666666666,NA,NA,NA,NA,NA,0,NA,0,NA,NA,NA,NA,NA,NA,NA,NA,NA,NA,1,0.3333333333333333,NA,NA,NA,NA,1,0.8333333333333334,0,0,NA,NA,NA,NA,NA,NA,NA,0.16666666666666666,NA,0.3333333333333333,NA,NA,NA,NA,NA,NA,NA,6.333333333333333,1.6666666666666667,NA,NA,NA,NA,NA,NA,NA,NA,NA,NA,NA,NA,NA,NA,NA,NA,NA,NA,NA,NA,NA,NA,NA,NA,NA,NA,NA,NA,NA,NA,NA,NA,NA,NA,NA,NA,6.4,10.4,13,70
2016,Calf Island,2,NA,0,NA,NA,NA,0,0.16666666666666666,0,0,0,NA,NA,NA,NA,NA,0.3333333333333333,NA,0,NA,NA,NA,NA,NA,NA,NA,NA,NA,NA,0,0.5,NA,NA,0.8333333333333334,NA,0.6666666666666666,NA,0.16666666666666666,0,NA,NA,0.16666666666666666,NA,NA,NA,NA,0.3333333333333333,NA,0.16666666666666666,NA,NA,0.3333333333333333,NA,NA,NA,NA,11.166666666666666,2.5,0.16666666666666666,NA,NA,NA,NA,NA,NA,NA,NA,NA,NA,NA,NA,NA,NA,NA,NA,NA,NA,NA,NA,NA,NA,NA,NA,NA,NA,NA,NA,NA,NA,1.3151167486975182,0.08842628999013792,NA,NA,NA,7.6,6.3,15,38.75
2016,Calf Island,3,NA,0,NA,NA,NA,0,0.3333333333333333,0,0,0,NA,NA,NA,NA,NA,0.16666666666666666,NA,0.16666666666666666,NA,NA,NA,NA,NA,NA,NA,NA,NA,NA,0,0,NA,NA,NA,NA,3,1.3333333333333333,0,0,NA,NA,4.5,NA,NA,NA,NA,0.16666666666666666,NA,0.16666666666666666,NA,NA,NA,NA,NA,NA,NA,8.5,0.16666666666666666,NA,NA,NA,NA,NA,NA,NA,NA,NA,NA,NA,NA,NA,NA,NA,NA,NA,NA,NA,NA,NA,NA,NA,NA,NA,NA,NA,NA,NA,NA,NA,NA,0.21704634815761126,NA,NA,NA,6,5,16.1,88.75
2016,Calf Island,4,NA,0.16666666666666666,NA,NA,NA,0,0,0,0,0,NA,NA,NA,NA,NA,0,NA,0,NA,NA,NA,NA,NA,NA,NA,NA,NA,NA,0.16666666666666666,0,NA,NA,NA,NA,3.3333333333333335,NA,0.3333333333333333,0,NA,NA,1,NA,NA,NA,NA,0,NA,0.16666666666666666,NA,NA,NA,NA,NA,NA,NA,6,1.1666666666666667,NA,NA,NA,NA,NA,NA,NA,NA,NA,NA,NA,NA,NA,NA,NA,NA,NA,NA,NA,NA,NA,NA,NA,NA,NA,NA,NA,NA,NA,NA,NA,NA,0.040193768177335415,NA,NA,NA,8.5,9.5,14,68.75
2016,Fort Weatherill,1,NA,NA,NA,NA,NA,0.16666666666666666,NA,NA,NA,NA,1.1666666666666667,0.3333333333333333,NA,0.3333333333333333,NA,NA,NA,NA,NA,NA,NA,NA,NA,NA,NA,NA,NA,NA,NA,NA,NA,NA,NA,NA,NA,NA,NA,0.16666666666666666,NA,NA,3.5,NA,1.5,1.6666666666666667,NA,0.16666666666666666,NA,1.1666666666666667,NA,NA,NA,NA,NA,NA,NA,7,7.833333333333333,0.3333333333333333,NA,NA,NA,0.16666666666666666,0.640365226667237,0.2911848578746871,NA,NA,NA,NA,NA,NA,NA,NA,NA,NA,NA,NA,NA,NA,NA,NA,NA,NA,0.9538593750000001,0.105984375,NA,2.0264781093418835,0.7136359580036583,60.50466984457957,1.9726751230462771,0.2652788699704137,NA,NA,NA,6,8,21.1111111111111,63.75
2016,Fort Weatherill,2,NA,NA,NA,NA,NA,0.5,NA,NA,NA,NA,NA,NA,NA,0.16666666666666666,0.16666666666666666,NA,NA,NA,NA,NA,NA,NA,NA,NA,NA,NA,NA,0.3333333333333333,NA,NA,NA,NA,NA,NA,NA,NA,NA,NA,NA,NA,2.3333333333333335,NA,2.1666666666666665,4.166666666666667,NA,NA,NA,0.16666666666666666,NA,0.16666666666666666,NA,NA,NA,NA,NA,4.5,1.8333333333333333,0.6666666666666666,NA,NA,NA,0.16666666666666666,NA,1.0853253793511062,NA,NA,NA,NA,NA,NA,NA,NA,NA,0.3127376923990582,NA,NA,NA,NA,NA,NA,NA,NA,NA,NA,NA,4.052956218683767,0.4757573053357722,60.50466984457957,0.9863375615231386,0.5466352472117616,NA,NA,NA,9,6,21.1111111111111,83.75
2016,Fort Weatherill,3,NA,NA,NA,NA,NA,NA,NA,NA,NA,NA,NA,NA,NA,NA,NA,NA,NA,NA,NA,NA,NA,NA,NA,NA,NA,NA,NA,NA,NA,NA,NA,NA,NA,NA,NA,NA,NA,0.16666666666666666,NA,NA,0.5,NA,0.3333333333333333,NA,0.5,NA,NA,1.6666666666666667,NA,NA,NA,NA,NA,0.5,NA,0.8333333333333334,NA,0.16666666666666666,NA,NA,NA,0.3333333333333333,1.280730453334474,0.10588540286352258,NA,NA,NA,NA,NA,NA,NA,NA,NA,NA,NA,NA,NA,NA,NA,NA,NA,NA,NA,NA,NA,NA,0.0792928842226287,NA,2.3014543102206564,0.3697826672314858,NA,NA,NA,9,8,20,75
2016,Fort Weatherill,4,NA,NA,NA,NA,NA,0.16666666666666666,NA,NA,NA,NA,0.16666666666666666,NA,NA,0.16666666666666666,NA,NA,NA,NA,0.16666666666666666,NA,NA,NA,NA,NA,NA,NA,NA,NA,NA,NA,NA,NA,NA,NA,NA,NA,NA,0.5,NA,NA,1.3333333333333333,NA,0.8333333333333334,13.5,NA,NA,NA,4,NA,NA,NA,NA,NA,0.6666666666666666,NA,1.3333333333333333,2.5,NA,NA,NA,NA,0.16666666666666666,1.9210956800017112,0.1323567535794032,NA,NA,NA,NA,NA,NA,NA,NA,NA,NA,NA,23.53971607467005,NA,NA,NA,NA,NA,NA,NA,NA,NA,1.0132390546709418,NA,NA,1.9726751230462771,0.19293008725121,NA,NA,NA,7,8,18.8888888888889,85
2016,Little Brewster,1,NA,0,NA,NA,NA,0.16666666666666666,0.6666666666666666,0,0,0,NA,NA,NA,NA,NA,0.16666666666666666,NA,0,NA,NA,NA,NA,NA,NA,NA,NA,NA,NA,0,0,NA,NA,NA,NA,0,NA,0.16666666666666666,0,NA,NA,NA,NA,NA,NA,NA,0.3333333333333333,NA,0.6666666666666666,NA,NA,0.16666666666666666,NA,NA,NA,NA,8.333333333333334,3,NA,NA,NA,NA,NA,NA,NA,NA,NA,NA,NA,NA,NA,NA,NA,NA,NA,NA,NA,NA,NA,NA,NA,NA,NA,NA,NA,NA,NA,NA,NA,NA,0.2411626090640125,NA,NA,NA,6.4,4.3,16.7,60
2016,Little Brewster,2,NA,0,NA,NA,NA,0,0,0,0,0,NA,NA,NA,NA,NA,0.3333333333333333,NA,0,NA,NA,NA,NA,NA,NA,NA,NA,NA,NA,0,0,NA,NA,NA,NA,0.16666666666666666,NA,0,0,NA,NA,NA,NA,NA,NA,NA,0.16666666666666666,NA,0.3333333333333333,NA,NA,NA,NA,NA,NA,NA,9.833333333333334,4,NA,NA,NA,NA,NA,NA,NA,NA,NA,NA,NA,NA,NA,NA,NA,NA,NA,NA,NA,NA,NA,NA,NA,NA,NA,NA,NA,NA,NA,NA,NA,0.32877918717437954,0.02411626090640125,NA,NA,NA,10,10,13,23.75
2016,Little Brewster,3,NA,0,NA,NA,NA,0,0,0,0,0,NA,NA,NA,NA,NA,0.3333333333333333,NA,0,NA,NA,NA,NA,NA,NA,NA,NA,NA,NA,0,0,NA,NA,NA,NA,0.3333333333333333,NA,0.3333333333333333,0,NA,NA,1,NA,NA,NA,NA,0.16666666666666666,NA,0,NA,NA,NA,NA,NA,NA,NA,2.6666666666666665,1.5,NA,NA,NA,NA,NA,NA,NA,NA,NA,NA,NA,NA,NA,NA,NA,NA,NA,NA,NA,NA,NA,NA,NA,NA,NA,NA,NA,NA,NA,NA,NA,2.959012684569416,0.34566640632508455,71.07108797862806,NA,NA,7.9,7.2,16,93.75
2016,Little Brewster,4,NA,0,NA,NA,NA,0.16666666666666666,0,0,0,0,NA,NA,NA,NA,NA,0.3333333333333333,NA,0,NA,NA,NA,NA,NA,NA,NA,NA,NA,NA,0,0,NA,NA,NA,NA,0.16666666666666666,NA,0.5,0,NA,NA,0.3333333333333333,NA,NA,NA,NA,0.3333333333333333,NA,0.3333333333333333,NA,NA,NA,NA,NA,NA,NA,6.166666666666667,2.5,NA,NA,NA,NA,NA,NA,NA,NA,NA,NA,NA,NA,NA,NA,NA,NA,NA,NA,NA,NA,NA,NA,NA,NA,NA,NA,NA,NA,NA,NA,NA,NA,0.6270227835664325,NA,NA,NA,5.9,6.1,16,72.5
2016,Nahant,Canoe Beach 1,NA,NA,NA,NA,NA,1.1666666666666667,NA,NA,NA,NA,NA,NA,NA,NA,NA,NA,NA,NA,NA,NA,NA,NA,NA,NA,2.8333333333333335,NA,NA,NA,NA,NA,NA,0.3333333333333333,NA,NA,NA,NA,NA,NA,NA,0.16666666666666666,NA,NA,0.16666666666666666,NA,NA,NA,NA,NA,NA,NA,NA,NA,NA,NA,NA,2.1666666666666665,2,NA,NA,NA,NA,NA,NA,0.10588540286352258,NA,NA,NA,NA,NA,NA,NA,NA,NA,NA,NA,NA,NA,NA,NA,NA,NA,NA,NA,NA,NA,NA,NA,NA,NA,0.1446975654384075,NA,NA,NA,6.71,5.18,16.1,63.75
2016,Nahant,Canoe Beach 2,NA,NA,NA,NA,NA,0.5,NA,NA,NA,NA,NA,NA,NA,NA,NA,NA,NA,NA,0.16666666666666666,NA,NA,NA,NA,NA,NA,NA,NA,NA,NA,NA,NA,NA,NA,NA,NA,NA,NA,NA,NA,NA,NA,NA,NA,NA,NA,NA,NA,NA,NA,NA,NA,NA,NA,NA,NA,7,2.1666666666666665,NA,NA,NA,NA,NA,NA,NA,NA,NA,NA,NA,NA,NA,NA,NA,NA,NA,NA,NA,NA,NA,NA,0.8985937500000001,NA,NA,NA,NA,NA,NA,NA,NA,0.6575583743487591,0.24920136269947957,NA,NA,NA,7.42,7.01,16.1,73.75
2016,NE Appledore,Broad Cove,NA,0.3333333333333333,NA,NA,NA,NA,NA,NA,NA,1,NA,NA,NA,NA,NA,NA,NA,0.16666666666666666,0.16666666666666666,NA,NA,NA,NA,NA,NA,NA,NA,NA,NA,NA,NA,NA,NA,NA,NA,0.5,0.16666666666666666,NA,NA,NA,NA,NA,NA,NA,NA,NA,NA,NA,0.16666666666666666,NA,NA,NA,NA,NA,NA,2.8333333333333335,0.3333333333333333,NA,NA,NA,NA,NA,NA,NA,NA,NA,NA,NA,NA,NA,NA,NA,NA,NA,NA,NA,NA,NA,NA,NA,NA,NA,NA,NA,NA,NA,NA,NA,1.6438959358718976,0.5064414790344263,NA,NA,NA,3,8.2,18.6,93.75
2016,NE Appledore,Broadway and 42nd,NA,NA,NA,NA,NA,NA,NA,NA,NA,NA,NA,NA,NA,NA,NA,0.6666666666666666,NA,NA,NA,NA,NA,NA,NA,NA,NA,NA,NA,NA,NA,NA,NA,NA,NA,NA,NA,NA,0.16666666666666666,NA,NA,NA,NA,NA,NA,NA,NA,NA,NA,0.16666666666666666,NA,NA,NA,NA,NA,NA,NA,0.8333333333333334,0.5,NA,NA,NA,NA,NA,NA,NA,NA,NA,NA,NA,NA,NA,NA,NA,NA,NA,NA,NA,NA,NA,NA,NA,NA,NA,NA,NA,NA,NA,NA,NA,0.6575583743487591,0.24920136269947957,NA,NA,NA,5.9,6.8,15,65
2016,NE Appledore,Devil's Dance Floor,NA,0.8333333333333334,NA,NA,NA,NA,NA,NA,NA,NA,NA,NA,NA,NA,NA,NA,NA,NA,NA,NA,NA,NA,NA,NA,NA,NA,NA,NA,NA,NA,NA,0.3333333333333333,NA,NA,NA,NA,0.16666666666666666,NA,NA,NA,NA,NA,NA,NA,NA,0.16666666666666666,NA,0.16666666666666666,NA,NA,NA,NA,NA,NA,NA,9.5,1,NA,NA,NA,NA,NA,NA,NA,NA,NA,NA,NA,NA,NA,NA,NA,NA,NA,NA,NA,NA,NA,NA,NA,NA,NA,NA,NA,NA,NA,NA,NA,1.9726751230462771,0.3215501454186833,NA,NA,NA,10,9.5,16,82.5
2016,NE Appledore,Norwegian Cove,NA,0.3333333333333333,NA,NA,NA,NA,NA,NA,NA,0.5,NA,NA,NA,NA,NA,NA,NA,NA,0.6666666666666666,NA,NA,NA,NA,NA,NA,NA,NA,NA,NA,NA,NA,NA,NA,NA,NA,NA,0.5,NA,NA,NA,NA,NA,NA,NA,NA,NA,NA,0.16666666666666666,NA,NA,NA,NA,6.166666666666667,6.666666666666667,NA,6.333333333333333,NA,NA,0.3333333333333333,NA,NA,NA,NA,NA,NA,NA,NA,NA,NA,NA,NA,NA,NA,NA,NA,NA,NA,NA,NA,NA,NA,NA,NA,NA,NA,NA,NA,NA,NA,0.0482325218128025,NA,NA,NA,8.5,8.5,17,81.25
2016,NW Appledore,Larus Ledge,NA,NA,NA,NA,NA,NA,NA,NA,NA,NA,NA,0.16666666666666666,NA,NA,NA,0.16666666666666666,NA,0.16666666666666666,NA,NA,NA,NA,NA,NA,NA,NA,NA,NA,NA,NA,NA,NA,NA,NA,0.3333333333333333,NA,0.16666666666666666,NA,NA,NA,NA,NA,NA,NA,NA,0.16666666666666666,NA,NA,NA,NA,NA,NA,8.5,7.5,NA,1.3333333333333333,NA,NA,NA,NA,NA,0.3333333333333333,NA,NA,NA,NA,NA,NA,NA,NA,NA,NA,NA,NA,NA,NA,NA,NA,NA,NA,NA,NA,NA,NA,NA,NA,NA,NA,NA,0.10450379726107208,NA,NA,NA,6.7,7.6,15,91.25
2016,NW Appledore,Magic 8 Ball,NA,NA,NA,NA,NA,NA,NA,NA,NA,NA,NA,NA,NA,NA,NA,NA,NA,NA,NA,NA,NA,NA,NA,NA,NA,NA,NA,NA,NA,NA,NA,NA,NA,NA,0.8333333333333334,NA,0.3333333333333333,NA,NA,NA,NA,NA,NA,NA,NA,NA,NA,NA,NA,NA,NA,NA,NA,0.5,NA,1.5,0.16666666666666666,NA,NA,NA,NA,NA,NA,NA,NA,NA,NA,NA,NA,NA,NA,NA,NA,NA,NA,NA,NA,NA,NA,NA,NA,NA,NA,NA,NA,NA,NA,NA,NA,0.0482325218128025,NA,NA,NA,7.4,8,12,83.75
2016,NW Appledore,North Head,NA,6.166666666666667,NA,NA,NA,NA,NA,0.3333333333333333,NA,NA,NA,NA,NA,NA,NA,NA,NA,1,NA,NA,NA,NA,NA,NA,NA,NA,NA,NA,NA,NA,NA,NA,NA,NA,0.16666666666666666,NA,0.6666666666666666,0.3333333333333333,NA,NA,NA,NA,NA,NA,NA,NA,NA,NA,NA,NA,NA,NA,35.833333333333336,10.833333333333334,NA,1.5,NA,NA,NA,NA,NA,NA,NA,NA,NA,NA,NA,NA,NA,NA,NA,NA,NA,NA,NA,NA,NA,NA,NA,NA,NA,NA,NA,NA,NA,NA,NA,NA,0.6575583743487591,0.03215501454186833,NA,NA,NA,9.1,8.8,15,96.25
2016,NW Appledore,Sandpiper Beach,NA,2.1666666666666665,NA,NA,NA,NA,NA,NA,NA,NA,NA,NA,NA,NA,NA,0.16666666666666666,NA,NA,NA,NA,NA,NA,NA,NA,NA,NA,NA,NA,NA,NA,NA,NA,NA,NA,NA,NA,0.3333333333333333,0.6666666666666666,NA,NA,NA,NA,NA,NA,NA,NA,NA,NA,NA,NA,NA,NA,1,3.5,NA,3.6666666666666665,0.6666666666666666,NA,NA,NA,NA,NA,NA,NA,NA,NA,NA,NA,NA,NA,NA,NA,NA,NA,NA,NA,NA,NA,NA,NA,NA,NA,NA,NA,NA,NA,NA,NA,NA,NA,NA,NA,NA,9.4,10,12,76.25
2016,Pemaquid,1,NA,NA,NA,0.3333333333333333,NA,NA,NA,0.16666666666666666,NA,NA,NA,NA,NA,NA,NA,0.16666666666666666,NA,NA,NA,NA,NA,NA,NA,NA,NA,1.6666666666666667,NA,NA,NA,NA,NA,NA,NA,NA,0.3333333333333333,NA,0.16666666666666666,0.16666666666666666,NA,NA,1.1666666666666667,2.3333333333333335,NA,NA,NA,NA,NA,NA,NA,NA,NA,NA,NA,NA,NA,3.1666666666666665,5.5,NA,NA,NA,NA,NA,NA,NA,NA,NA,NA,NA,NA,NA,NA,NA,NA,NA,NA,NA,NA,NA,NA,NA,NA,NA,NA,NA,NA,NA,NA,NA,0.6575583743487591,0.16881382634480874,NA,NA,NA,3.96,7.32,11.66,92.5
2016,Pemaquid,2,NA,NA,NA,0.3333333333333333,NA,NA,NA,NA,NA,NA,NA,NA,NA,NA,NA,0.3333333333333333,NA,NA,NA,NA,NA,NA,NA,NA,NA,NA,NA,NA,NA,NA,NA,NA,NA,NA,NA,NA,NA,NA,NA,NA,0.5,NA,NA,NA,NA,NA,NA,NA,NA,NA,NA,NA,NA,NA,NA,10.5,1.6666666666666667,NA,NA,NA,NA,NA,NA,NA,NA,NA,NA,NA,NA,NA,NA,NA,NA,NA,NA,NA,12.176632660391107,0.03699404330785274,NA,NA,NA,NA,NA,NA,NA,NA,NA,NA,NA,0.040193768177335415,NA,NA,NA,5.49,8.53,11.66,85
2016,Pemaquid,3,NA,NA,NA,NA,NA,NA,NA,NA,NA,NA,NA,NA,NA,NA,NA,0.5,NA,NA,NA,NA,NA,NA,NA,NA,NA,NA,NA,NA,NA,0.5,NA,NA,NA,NA,0.3333333333333333,NA,0.16666666666666666,NA,NA,NA,NA,NA,2.8333333333333335,NA,NA,NA,NA,NA,NA,NA,NA,NA,NA,NA,NA,0.5,6,NA,NA,NA,NA,NA,1.280730453334474,NA,NA,NA,NA,NA,NA,NA,NA,NA,NA,NA,NA,NA,3.1311341126719987,0.20963291207783222,23.535397294303664,NA,NA,NA,NA,NA,NA,NA,NA,NA,2.3014543102206564,0.12058130453200624,NA,NA,NA,8,10,16,23.75
2016,Pemaquid,4,NA,NA,NA,NA,NA,NA,NA,NA,NA,NA,NA,NA,NA,NA,NA,NA,NA,0.16666666666666666,NA,NA,NA,NA,NA,NA,NA,NA,NA,NA,NA,NA,NA,NA,NA,NA,NA,NA,NA,NA,NA,NA,3.1666666666666665,NA,0.6666666666666666,NA,NA,NA,NA,NA,NA,NA,NA,NA,NA,NA,NA,5.666666666666667,2,NA,NA,NA,NA,NA,NA,NA,NA,NA,NA,NA,NA,NA,NA,NA,NA,NA,NA,NA,NA,NA,NA,NA,NA,NA,NA,NA,NA,NA,NA,NA,0.6575583743487591,NA,NA,NA,NA,4.9,7.6,17,90
2016,SW Appledore,North Pepperrell,NA,0.16666666666666666,NA,NA,NA,0,0,0,0,0,NA,NA,NA,NA,NA,0.5,NA,0.16666666666666666,0.16666666666666666,NA,NA,NA,NA,NA,NA,NA,NA,NA,0,0,NA,NA,NA,NA,0.5,NA,0.16666666666666666,0,NA,NA,NA,NA,NA,NA,NA,0.16666666666666666,NA,0,NA,NA,NA,NA,10.5,36.166666666666664,NA,1.6666666666666667,0,NA,NA,NA,NA,NA,NA,NA,NA,NA,NA,NA,NA,NA,NA,NA,NA,NA,NA,NA,NA,NA,NA,NA,NA,NA,NA,NA,NA,NA,NA,NA,NA,0.02411626090640125,NA,NA,NA,9.3,8,15.5,83.75
2016,SW Appledore,North Smith's Cove,NA,NA,NA,NA,NA,NA,NA,NA,NA,0.16666666666666666,NA,NA,NA,NA,NA,NA,NA,NA,NA,NA,NA,NA,NA,NA,NA,NA,NA,NA,NA,NA,NA,NA,NA,NA,NA,NA,NA,NA,NA,NA,NA,NA,NA,NA,NA,NA,NA,0.16666666666666666,NA,NA,NA,NA,NA,NA,NA,0.8333333333333334,1.3333333333333333,NA,NA,0.6666666666666666,NA,NA,NA,NA,NA,NA,NA,NA,NA,NA,NA,NA,NA,NA,NA,NA,NA,NA,NA,NA,NA,NA,NA,NA,NA,NA,NA,NA,NA,0.5144802326698933,NA,NA,NA,6.4,6.5,18,87.5
2016,SW Appledore,South Pepperrell,NA,0.3333333333333333,NA,NA,NA,NA,NA,NA,NA,1.3333333333333333,NA,NA,NA,NA,NA,0.16666666666666666,NA,NA,0.5,NA,NA,NA,NA,NA,NA,NA,NA,NA,NA,0.5,NA,NA,NA,NA,0.5,NA,0.16666666666666666,0.3333333333333333,NA,NA,NA,NA,NA,NA,NA,0.16666666666666666,NA,0.16666666666666666,NA,NA,NA,NA,11,23,NA,NA,1.6666666666666667,NA,NA,NA,NA,NA,NA,NA,NA,NA,NA,NA,NA,NA,NA,NA,NA,NA,NA,NA,NA,NA,NA,NA,NA,NA,NA,NA,NA,NA,0.6739895158923439,NA,NA,0.6270227835664325,NA,NA,NA,5.5,4.6,16,82.5
2016,SW Appledore,South Smith's Cove,NA,NA,NA,NA,NA,NA,NA,NA,NA,NA,NA,NA,NA,NA,NA,0.16666666666666666,NA,NA,NA,NA,NA,NA,NA,NA,NA,NA,NA,NA,NA,NA,NA,0.3333333333333333,NA,NA,NA,NA,NA,NA,NA,NA,NA,NA,NA,NA,NA,NA,NA,NA,NA,NA,NA,NA,2.6666666666666665,6.5,NA,NA,NA,NA,NA,NA,NA,NA,NA,NA,NA,NA,NA,NA,NA,NA,NA,NA,NA,NA,NA,NA,NA,NA,NA,NA,NA,NA,NA,NA,NA,NA,NA,NA,0.9863375615231386,0.7074103199211034,NA,NA,NA,5.5,6.5,17.8,70
2017,Baker North,1,NA,NA,NA,NA,NA,NA,0.16666666666666666,NA,NA,NA,NA,NA,NA,NA,NA,NA,NA,NA,0.6666666666666666,NA,NA,NA,NA,NA,NA,NA,NA,NA,6.666666666666667,2.1666666666666665,NA,NA,NA,NA,NA,NA,NA,NA,NA,NA,NA,NA,NA,NA,NA,NA,NA,0.3333333333333333,NA,NA,NA,NA,NA,NA,NA,10,6.333333333333333,NA,NA,NA,NA,NA,NA,NA,NA,NA,NA,NA,NA,NA,NA,NA,NA,NA,NA,NA,NA,NA,NA,NA,NA,NA,NA,NA,NA,NA,NA,NA,NA,0.03215501454186833,NA,NA,NA,6.1,8.2,17.2,67.5
2017,Baker North,2,NA,0.3333333333333333,NA,NA,NA,NA,NA,NA,NA,1.1666666666666667,NA,NA,NA,NA,NA,0.16666666666666666,0.3333333333333333,NA,NA,NA,NA,NA,NA,NA,NA,NA,NA,NA,8.833333333333334,2.3333333333333335,NA,NA,NA,NA,NA,NA,NA,0.3333333333333333,NA,NA,NA,NA,NA,NA,NA,0.5,NA,0.3333333333333333,NA,NA,NA,NA,NA,NA,NA,10.166666666666666,2,NA,NA,NA,NA,NA,NA,NA,NA,NA,NA,NA,NA,NA,NA,NA,NA,NA,NA,NA,NA,NA,NA,NA,NA,NA,NA,NA,NA,NA,NA,NA,NA,NA,NA,NA,NA,8,11,11.7,72.5
2017,Baker North,3,NA,NA,NA,NA,NA,NA,NA,NA,NA,2.5,NA,NA,NA,NA,NA,NA,0.6666666666666666,NA,NA,NA,NA,NA,NA,NA,NA,NA,NA,NA,5.166666666666667,2.3333333333333335,NA,NA,NA,NA,0.16666666666666666,NA,0.5,NA,NA,NA,NA,NA,NA,NA,NA,0.16666666666666666,NA,NA,NA,NA,NA,NA,NA,NA,NA,7.666666666666667,4,NA,NA,NA,NA,NA,NA,NA,NA,NA,NA,NA,NA,NA,NA,NA,NA,NA,NA,NA,NA,NA,NA,NA,NA,NA,NA,NA,NA,NA,NA,NA,NA,0.008038753635467083,NA,NA,NA,5.6,9.3,12.8,90
2017,Baker North,4,NA,NA,NA,NA,NA,NA,NA,NA,NA,0.6666666666666666,NA,NA,NA,NA,NA,0.3333333333333333,NA,NA,NA,NA,NA,NA,NA,NA,NA,NA,NA,NA,1.5,3.6666666666666665,NA,NA,NA,NA,NA,NA,0.3333333333333333,NA,NA,NA,NA,NA,NA,NA,NA,NA,NA,0.5,NA,NA,NA,NA,NA,NA,NA,11.833333333333334,6.5,NA,NA,NA,NA,NA,NA,NA,NA,NA,NA,NA,NA,NA,NA,NA,NA,NA,NA,NA,NA,NA,NA,NA,NA,NA,NA,NA,NA,NA,NA,NA,NA,0.20096884088667707,NA,NA,NA,1.3,6.6,12.2,85
2017,Baker South,1,NA,NA,NA,NA,NA,0.3333333333333333,NA,NA,NA,0.3333333333333333,NA,NA,NA,NA,NA,NA,NA,0.8333333333333334,NA,NA,NA,NA,NA,NA,NA,NA,NA,NA,2.1666666666666665,0.16666666666666666,NA,NA,NA,NA,NA,NA,NA,NA,NA,NA,NA,NA,NA,NA,NA,0.3333333333333333,NA,0.3333333333333333,NA,NA,NA,NA,NA,NA,NA,26.666666666666668,14,NA,NA,NA,NA,NA,NA,NA,NA,NA,NA,NA,NA,NA,NA,NA,NA,NA,NA,NA,NA,NA,NA,NA,NA,NA,NA,NA,NA,NA,NA,NA,NA,0.08038753635467083,NA,NA,NA,6.4,6.8,12.2,33.75
2017,Baker South,2,NA,NA,NA,NA,NA,NA,NA,NA,NA,NA,NA,NA,NA,NA,NA,0.3333333333333333,0.3333333333333333,NA,NA,NA,NA,NA,NA,NA,NA,NA,NA,NA,NA,NA,NA,NA,NA,NA,NA,NA,NA,NA,NA,NA,NA,NA,NA,NA,NA,NA,NA,NA,NA,NA,NA,NA,NA,NA,NA,0.3333333333333333,3.6666666666666665,NA,NA,NA,NA,NA,NA,NA,NA,NA,NA,NA,NA,NA,NA,NA,NA,NA,NA,NA,NA,NA,NA,NA,NA,NA,NA,NA,NA,NA,NA,NA,NA,0.03215501454186833,NA,NA,NA,7.6,9,17,NA
2017,Baker South,3,NA,NA,NA,NA,NA,NA,NA,NA,NA,0.16666666666666666,NA,NA,NA,NA,NA,0.16666666666666666,NA,NA,NA,NA,NA,NA,NA,NA,NA,NA,NA,NA,5.5,0.5,NA,NA,NA,NA,NA,NA,0.16666666666666666,NA,NA,NA,NA,NA,NA,NA,NA,NA,NA,NA,NA,NA,0.16666666666666666,NA,NA,NA,NA,2,6.166666666666667,NA,NA,NA,NA,NA,NA,NA,NA,NA,NA,NA,NA,0.024384972342744546,NA,NA,NA,NA,NA,NA,NA,0.03699404330785274,NA,NA,NA,NA,NA,NA,NA,NA,NA,NA,0.6575583743487591,0.3537051599605517,NA,NA,NA,8.6,8.7,17,51.25
2017,Baker South,4,NA,NA,NA,NA,NA,NA,NA,NA,NA,3.8333333333333335,NA,NA,NA,NA,NA,NA,NA,NA,0.8333333333333334,NA,NA,NA,NA,NA,NA,NA,NA,NA,2.6666666666666665,0.6666666666666666,NA,NA,NA,NA,NA,NA,NA,NA,NA,NA,NA,NA,NA,NA,NA,0.3333333333333333,NA,NA,NA,NA,NA,NA,NA,NA,NA,19,10.333333333333334,NA,NA,NA,NA,NA,NA,NA,NA,NA,NA,NA,NA,NA,NA,NA,NA,NA,NA,NA,NA,NA,NA,NA,NA,NA,NA,NA,NA,NA,NA,NA,NA,0.02411626090640125,NA,NA,NA,7.6,7.3,17,12.5
2017,Calf Island,1,NA,NA,NA,NA,NA,0.16666666666666666,NA,NA,NA,NA,NA,NA,NA,NA,NA,0.16666666666666666,NA,NA,NA,NA,NA,NA,NA,NA,NA,NA,NA,NA,NA,NA,NA,NA,NA,NA,0.3333333333333333,NA,0.3333333333333333,NA,NA,NA,1.6666666666666667,NA,NA,NA,NA,NA,NA,0.16666666666666666,NA,NA,NA,NA,NA,NA,NA,3.6666666666666665,2.8333333333333335,0.16666666666666666,NA,NA,NA,NA,NA,NA,NA,NA,NA,NA,NA,NA,NA,NA,NA,NA,NA,NA,NA,NA,NA,NA,NA,NA,NA,NA,NA,NA,NA,NA,2.6302334973950363,0.3215501454186833,NA,NA,NA,8.3,6.2,17.2,78.75
2017,Calf Island,2,NA,NA,NA,NA,NA,NA,NA,NA,NA,2,NA,NA,NA,NA,NA,NA,NA,NA,NA,NA,NA,NA,NA,NA,NA,NA,NA,NA,0.6666666666666666,NA,NA,NA,NA,NA,0.6666666666666666,NA,0.16666666666666666,NA,NA,NA,0.6666666666666666,NA,NA,NA,NA,NA,NA,0.3333333333333333,NA,NA,NA,NA,NA,NA,NA,2.5,11.333333333333334,NA,NA,NA,NA,NA,NA,NA,NA,NA,NA,NA,NA,NA,NA,NA,NA,NA,NA,NA,NA,NA,NA,NA,NA,NA,NA,NA,NA,NA,NA,NA,1.3151167486975182,0.6832940590147021,NA,NA,NA,8.5,6.1,18,37.5
2017,Calf Island,3,NA,NA,NA,NA,NA,NA,NA,NA,NA,NA,NA,NA,NA,NA,NA,NA,NA,NA,NA,NA,NA,NA,NA,NA,NA,NA,NA,NA,0.5,NA,NA,NA,NA,NA,0.16666666666666666,NA,0.16666666666666666,NA,NA,NA,1.1666666666666667,NA,NA,NA,NA,0.16666666666666666,NA,NA,NA,NA,NA,NA,NA,NA,NA,3.1666666666666665,1.5,0.3333333333333333,NA,NA,NA,NA,NA,NA,NA,NA,NA,NA,NA,NA,NA,NA,NA,NA,NA,NA,NA,NA,NA,NA,NA,NA,NA,NA,NA,NA,NA,NA,14.795063422847079,1.4871694225614103,NA,NA,NA,8.1,5.9,19.3,78.75
2017,Calf Island,4,NA,0.3333333333333333,NA,NA,NA,NA,NA,NA,NA,NA,NA,NA,NA,NA,NA,NA,NA,NA,NA,NA,NA,NA,0.16666666666666666,NA,NA,NA,NA,NA,NA,NA,NA,NA,NA,NA,3.5,0.6666666666666666,0.3333333333333333,NA,NA,NA,0.16666666666666666,NA,NA,NA,NA,NA,NA,NA,NA,NA,NA,NA,NA,NA,NA,3,3.1666666666666665,NA,NA,NA,NA,NA,NA,NA,NA,NA,NA,NA,NA,NA,NA,NA,NA,NA,NA,NA,NA,NA,NA,NA,NA,NA,NA,NA,NA,NA,NA,NA,0.6575583743487591,0.040193768177335415,NA,NA,NA,9.3,7.5,14,66.25
2017,Fort Weatherill,1,NA,NA,NA,NA,NA,0.16666666666666666,NA,NA,NA,NA,NA,NA,NA,NA,NA,NA,NA,NA,NA,NA,NA,NA,NA,NA,NA,NA,1,NA,NA,NA,NA,NA,NA,NA,NA,NA,NA,NA,NA,NA,0.16666666666666666,NA,NA,NA,NA,0.16666666666666666,NA,NA,0.16666666666666666,NA,NA,NA,NA,NA,NA,1.1666666666666667,0.6666666666666666,NA,NA,NA,0.8333333333333334,NA,3.2018261333361853,0.026471350715880644,0,NA,NA,NA,NA,NA,NA,NA,NA,0.3127376923990582,0,0,NA,NA,NA,NA,NA,NA,0.9538593750000001,0,0,12.158868656051299,0,60.50466984457957,1.3151167486975182,1.1415030162363258,0,NA,NA,10,7,18.8888888888888,51.25
2017,Fort Weatherill,2,NA,NA,NA,NA,NA,0.16666666666666666,NA,NA,NA,NA,NA,NA,NA,NA,NA,NA,NA,NA,NA,NA,NA,NA,NA,NA,NA,NA,0.3333333333333333,NA,NA,NA,NA,NA,NA,NA,NA,NA,NA,NA,NA,NA,NA,NA,NA,NA,NA,0.3333333333333333,NA,NA,NA,NA,NA,NA,0.3333333333333333,NA,NA,1.5,0.6666666666666666,NA,NA,NA,0.16666666666666666,NA,3.2018261333361853,0.05294270143176129,35.678099762586456,NA,NA,NA,NA,NA,NA,NA,NA,NA,NA,NA,NA,NA,NA,NA,NA,NA,2.861578125,0,0,6.079434328025649,0.0792928842226287,60.50466984457957,0.6575583743487591,2.2588897715662504,0,NA,NA,8,9,18.8888888888888,83.75
2017,Fort Weatherill,3,NA,NA,NA,NA,NA,0.3333333333333333,NA,NA,NA,NA,NA,NA,NA,NA,NA,NA,NA,NA,NA,NA,NA,NA,NA,NA,NA,NA,NA,NA,NA,NA,NA,NA,NA,NA,NA,NA,NA,0.3333333333333333,NA,NA,0.6666666666666666,NA,0.16666666666666666,NA,NA,0.5,NA,NA,NA,NA,NA,NA,1.1666666666666667,NA,NA,3,4,NA,NA,NA,0.8333333333333334,NA,0.640365226667237,0,35.678099762586456,NA,NA,NA,NA,NA,NA,NA,NA,0.3127376923990582,0,0,NA,NA,NA,NA,NA,NA,NA,NA,NA,4.052956218683767,0.03964644211131435,60.50466984457957,6.575583743487591,1.664022002541686,0,NA,NA,9,8,17.7777777777777,86.25
2017,Fort Weatherill,4,NA,NA,NA,NA,NA,0.3333333333333333,NA,NA,NA,NA,NA,NA,NA,NA,NA,NA,NA,NA,NA,NA,NA,NA,NA,NA,NA,NA,NA,NA,NA,NA,NA,NA,NA,NA,NA,NA,NA,0.16666666666666666,NA,NA,1.8333333333333333,NA,0.16666666666666666,NA,NA,NA,NA,NA,NA,NA,NA,NA,NA,NA,NA,2.8333333333333335,1.5,NA,NA,NA,0.16666666666666666,NA,0.640365226667237,0.07941405214764193,0,NA,NA,NA,NA,NA,NA,NA,NA,0,0,23.53971607467005,NA,NA,NA,NA,NA,NA,NA,NA,NA,8.105912437367534,0,181.5140095337387,2.3014543102206564,0.9968054507979183,0,NA,NA,7,10,18.8888888888888,57.5
2017,Hurricane Island,1,NA,0.5,NA,NA,NA,NA,NA,NA,NA,NA,NA,NA,NA,NA,NA,NA,NA,NA,1.1666666666666667,NA,NA,NA,NA,NA,NA,NA,NA,NA,NA,NA,0.3333333333333333,NA,NA,NA,NA,NA,NA,NA,NA,NA,NA,NA,NA,NA,NA,NA,NA,NA,NA,NA,NA,NA,NA,NA,NA,2.6666666666666665,1.8333333333333333,NA,NA,NA,NA,NA,NA,NA,NA,NA,NA,NA,NA,NA,NA,NA,NA,NA,NA,NA,12.872440240984885,NA,NA,NA,NA,NA,NA,NA,NA,NA,NA,NA,NA,NA,NA,NA,NA,7,7,12,52.5
2017,Hurricane Island,2,NA,NA,NA,NA,NA,NA,NA,NA,NA,NA,NA,NA,NA,NA,NA,NA,NA,NA,NA,NA,NA,NA,NA,NA,NA,NA,NA,NA,NA,NA,NA,NA,NA,NA,0.6666666666666666,NA,0.5,NA,NA,NA,0.5,NA,NA,NA,NA,0.3333333333333333,NA,NA,NA,NA,NA,NA,NA,NA,NA,7,2.5,NA,NA,NA,NA,NA,NA,NA,NA,NA,NA,NA,NA,NA,NA,NA,NA,NA,NA,NA,NA,NA,NA,NA,NA,NA,NA,NA,NA,NA,NA,NA,NA,NA,NA,NA,NA,4,5,13,91.25
2017,Hurricane Island,3,NA,1.1666666666666667,NA,NA,NA,NA,NA,NA,NA,NA,NA,NA,NA,NA,NA,NA,NA,NA,0.16666666666666666,NA,NA,NA,NA,NA,NA,NA,NA,NA,0.5,NA,NA,NA,NA,NA,0.8333333333333334,NA,NA,NA,NA,NA,1,NA,NA,NA,NA,NA,NA,NA,NA,NA,NA,NA,NA,NA,NA,11.666666666666666,4.5,NA,NA,NA,NA,NA,NA,NA,NA,NA,NA,NA,NA,NA,NA,NA,NA,0.3127376923990582,NA,NA,6.262268225343997,NA,NA,0.8985937500000001,NA,NA,NA,NA,NA,NA,NA,NA,NA,NA,NA,NA,NA,9,4,12,95
2017,Hurricane Island,4,NA,NA,NA,NA,NA,NA,NA,NA,NA,NA,NA,NA,NA,NA,NA,0.3333333333333333,NA,NA,0.16666666666666666,NA,NA,NA,NA,NA,NA,NA,NA,NA,0.3333333333333333,0.3333333333333333,1,NA,NA,NA,NA,NA,0.3333333333333333,NA,NA,NA,NA,NA,NA,NA,NA,0.16666666666666666,NA,0.3333333333333333,NA,NA,NA,NA,NA,NA,NA,6,5,NA,NA,NA,NA,NA,NA,NA,NA,NA,NA,NA,NA,NA,NA,NA,NA,NA,NA,NA,NA,NA,NA,NA,NA,NA,NA,NA,NA,NA,NA,NA,NA,NA,NA,NA,NA,4,4,12,57.5
2017,Little Brewster,1,NA,NA,NA,NA,NA,1,NA,NA,NA,NA,NA,NA,NA,NA,NA,0.5,NA,NA,NA,0.16666666666666666,NA,NA,NA,NA,NA,NA,NA,NA,NA,0.16666666666666666,NA,NA,NA,NA,0.8333333333333334,0.5,0.3333333333333333,NA,0.16666666666666666,NA,NA,NA,NA,NA,NA,NA,NA,0.3333333333333333,NA,NA,NA,NA,NA,NA,NA,2.8333333333333335,1.6666666666666667,0.16666666666666666,NA,NA,NA,NA,NA,NA,NA,NA,NA,NA,NA,NA,NA,NA,NA,NA,NA,NA,NA,NA,NA,NA,NA,NA,NA,NA,NA,NA,NA,NA,1.9726751230462771,0.8842628999013791,NA,NA,NA,8.5,6.6,16,78.75
2017,Little Brewster,2,NA,NA,NA,NA,NA,NA,NA,NA,NA,NA,NA,NA,NA,NA,NA,0.16666666666666666,NA,NA,NA,NA,NA,NA,NA,NA,NA,NA,NA,NA,NA,NA,NA,NA,NA,NA,0.5,NA,NA,NA,NA,NA,NA,NA,NA,NA,NA,0.16666666666666666,NA,NA,NA,NA,NA,NA,NA,NA,NA,4.166666666666667,2,NA,NA,NA,NA,NA,NA,NA,NA,NA,NA,NA,NA,NA,NA,NA,NA,NA,NA,NA,NA,NA,NA,NA,NA,NA,NA,NA,NA,NA,NA,NA,0.32877918717437954,0.4340926963152225,NA,NA,NA,NA,8.8,18.1,70
2017,Little Brewster,3,NA,NA,NA,NA,NA,NA,NA,NA,NA,NA,NA,NA,NA,NA,NA,0.16666666666666666,NA,NA,NA,NA,NA,NA,NA,NA,NA,NA,NA,NA,0.16666666666666666,1.3333333333333333,NA,NA,NA,NA,1.1666666666666667,NA,0.16666666666666666,NA,NA,NA,NA,NA,NA,NA,NA,NA,NA,NA,NA,NA,NA,NA,NA,NA,NA,2.5,2.3333333333333335,0.5,NA,NA,NA,NA,NA,NA,NA,NA,NA,NA,NA,NA,NA,NA,NA,NA,NA,NA,NA,NA,NA,NA,NA,NA,NA,NA,NA,NA,NA,NA,0.6575583743487591,0.2733176236058808,NA,NA,NA,7,8.5,NA,80
2017,Nahant,Canoe Beach 1,NA,NA,NA,NA,NA,NA,NA,NA,NA,NA,NA,NA,NA,NA,NA,1.8333333333333333,NA,NA,NA,NA,NA,NA,NA,NA,NA,NA,NA,NA,3.5,4.333333333333333,NA,NA,NA,NA,NA,NA,NA,NA,NA,NA,NA,NA,NA,NA,NA,NA,NA,NA,NA,NA,NA,NA,NA,NA,NA,6.833333333333333,2,NA,NA,NA,NA,NA,NA,NA,NA,NA,NA,NA,NA,NA,NA,NA,NA,NA,NA,NA,NA,NA,NA,NA,NA,NA,NA,NA,NA,NA,NA,NA,NA,0.016077507270934165,NA,NA,NA,4,6.5,14.44,38.75
2017,Nahant,Canoe Beach 2,NA,NA,NA,NA,NA,NA,NA,NA,NA,NA,NA,NA,NA,NA,NA,NA,NA,NA,NA,0.16666666666666666,NA,NA,NA,NA,2.1666666666666665,NA,NA,NA,NA,9,NA,0.16666666666666666,NA,NA,0.5,NA,NA,0.3333333333333333,NA,NA,NA,NA,NA,NA,NA,NA,NA,NA,NA,NA,NA,NA,NA,NA,NA,7.5,NA,NA,NA,NA,NA,NA,NA,NA,NA,NA,NA,NA,NA,NA,NA,NA,NA,NA,NA,NA,NA,NA,NA,NA,NA,NA,NA,NA,NA,NA,NA,NA,NA,0.30547263814774916,NA,NA,NA,4,6.5,14.44,50
2017,Nahant,Pumphouse Beach 3,NA,NA,NA,NA,NA,NA,NA,NA,NA,NA,NA,NA,NA,NA,NA,NA,0.3333333333333333,NA,NA,NA,NA,NA,NA,NA,NA,NA,NA,NA,4.666666666666667,2.6666666666666665,NA,NA,1.1666666666666667,NA,NA,NA,NA,NA,NA,NA,NA,NA,NA,NA,NA,NA,NA,NA,NA,NA,NA,NA,NA,NA,NA,6.333333333333333,NA,NA,NA,NA,NA,NA,NA,NA,NA,NA,NA,NA,NA,NA,NA,NA,NA,NA,NA,NA,NA,0.012331347769284249,NA,NA,NA,NA,NA,NA,NA,NA,NA,NA,NA,0.06431002908373666,NA,NA,NA,3.6,4.26,14.44,11.25
2017,Nahant,Pumphouse Beach 4,NA,NA,NA,NA,NA,NA,NA,NA,NA,NA,NA,NA,NA,NA,NA,NA,NA,NA,NA,NA,NA,NA,NA,NA,NA,NA,NA,NA,0.6666666666666666,4,NA,NA,2.1666666666666665,NA,NA,NA,NA,0.16666666666666666,NA,NA,0.16666666666666666,NA,NA,NA,NA,NA,NA,NA,NA,NA,0.3333333333333333,NA,NA,NA,NA,4.666666666666667,NA,NA,NA,NA,NA,NA,NA,NA,NA,NA,NA,NA,NA,NA,NA,NA,NA,NA,NA,NA,0.3479037902968888,NA,NA,NA,NA,NA,NA,NA,NA,NA,NA,NA,NA,0.02411626090640125,NA,NA,NA,4.89,5.48,14.44,NA
2017,NE Appledore,Broad Cove,NA,9.333333333333334,NA,NA,NA,NA,NA,NA,NA,NA,NA,NA,NA,NA,NA,NA,NA,NA,NA,NA,NA,NA,NA,NA,NA,NA,NA,NA,NA,0.16666666666666666,NA,NA,NA,NA,2.8333333333333335,NA,NA,NA,NA,NA,NA,NA,NA,NA,NA,NA,NA,NA,NA,NA,NA,NA,NA,NA,NA,7.5,1.5,NA,NA,NA,NA,NA,NA,NA,NA,NA,NA,NA,NA,NA,NA,NA,NA,NA,NA,NA,NA,0.03699404330785274,NA,NA,NA,NA,NA,NA,NA,NA,NA,NA,NA,NA,NA,NA,NA,10.2,12.3,11,80
2017,NE Appledore,Broadway and 42nd,NA,0.5,NA,NA,NA,NA,NA,NA,NA,NA,NA,NA,NA,NA,NA,NA,NA,NA,NA,NA,NA,NA,NA,NA,NA,NA,NA,NA,0.16666666666666666,NA,NA,NA,NA,NA,0.5,NA,0.3333333333333333,NA,NA,NA,NA,NA,NA,NA,NA,NA,NA,NA,NA,NA,NA,NA,NA,NA,NA,1.8333333333333333,NA,NA,NA,NA,NA,NA,NA,NA,NA,NA,NA,NA,NA,NA,NA,NA,NA,NA,NA,NA,NA,NA,NA,NA,NA,NA,NA,NA,NA,NA,NA,NA,NA,NA,NA,NA,NA,7.7,8.2,11,100
2017,NE Appledore,Devil's Dance Floor,NA,0.3333333333333333,NA,NA,NA,0.16666666666666666,NA,NA,NA,NA,NA,NA,NA,NA,NA,0.16666666666666666,NA,NA,NA,NA,NA,NA,NA,NA,NA,NA,NA,NA,3.3333333333333335,NA,NA,NA,NA,NA,0.16666666666666666,0.16666666666666666,0.3333333333333333,NA,NA,NA,NA,NA,NA,NA,NA,NA,NA,0.16666666666666666,NA,NA,NA,NA,NA,NA,NA,14.333333333333334,3.1666666666666665,NA,NA,NA,NA,NA,NA,NA,NA,NA,NA,NA,NA,NA,NA,NA,NA,NA,NA,NA,NA,NA,NA,NA,NA,NA,NA,NA,NA,NA,NA,NA,NA,0.008038753635467083,NA,NA,NA,8.5,7.1,9,81.25
2017,NE Appledore,Norwegian Cove,NA,0.3333333333333333,NA,NA,NA,NA,NA,NA,NA,NA,NA,NA,NA,NA,NA,NA,NA,NA,NA,NA,NA,NA,NA,NA,NA,NA,NA,NA,NA,NA,NA,NA,NA,NA,0.3333333333333333,NA,0.16666666666666666,NA,NA,NA,NA,NA,NA,NA,NA,NA,NA,NA,NA,NA,NA,NA,NA,NA,NA,4.166666666666667,0.8333333333333334,NA,NA,NA,NA,NA,NA,NA,NA,NA,NA,NA,NA,NA,NA,NA,NA,NA,NA,NA,NA,NA,1153.2344674208796,NA,NA,NA,NA,NA,NA,NA,NA,NA,NA,NA,NA,NA,NA,8.5,7.3,11,98.75
2017,Nubble Lighthouse,1,NA,NA,0.3333333333333333,NA,NA,NA,NA,NA,NA,NA,NA,NA,NA,NA,NA,NA,NA,NA,NA,NA,NA,NA,NA,NA,NA,NA,NA,NA,0.16666666666666666,NA,NA,0.8333333333333334,NA,NA,NA,NA,NA,0.3333333333333333,NA,NA,0.16666666666666666,NA,NA,NA,NA,0.16666666666666666,NA,NA,NA,NA,NA,NA,NA,NA,0.5,0.6666666666666666,2.1666666666666665,NA,NA,NA,NA,NA,NA,NA,NA,NA,NA,NA,NA,NA,NA,NA,NA,NA,NA,NA,NA,NA,NA,NA,NA,NA,NA,NA,NA,NA,NA,NA,NA,0.008038753635467083,NA,NA,NA,7,10.6,12.7,NA
2017,Nubble Lighthouse,2,NA,0.5,0.6666666666666666,NA,NA,NA,NA,NA,NA,NA,NA,NA,NA,NA,NA,NA,NA,NA,NA,NA,NA,NA,NA,NA,NA,NA,NA,NA,NA,NA,NA,0.3333333333333333,NA,NA,0.5,NA,NA,0.16666666666666666,NA,NA,NA,NA,NA,NA,NA,NA,NA,NA,NA,NA,NA,NA,NA,NA,NA,1.5,0.8333333333333334,NA,NA,NA,NA,NA,NA,NA,NA,NA,NA,NA,NA,NA,NA,NA,NA,NA,NA,NA,NA,NA,NA,NA,NA,NA,NA,NA,NA,NA,NA,NA,0.32877918717437954,0.016077507270934165,35.53554398931403,NA,NA,6.5,10.2,12.7,NA
2017,Nubble Lighthouse,3,NA,1,0.3333333333333333,NA,NA,NA,NA,NA,NA,NA,NA,NA,NA,NA,NA,NA,0.3333333333333333,NA,NA,NA,NA,NA,NA,NA,NA,NA,NA,NA,NA,NA,NA,0.16666666666666666,NA,NA,1.1666666666666667,NA,NA,0,NA,NA,NA,NA,NA,NA,NA,NA,NA,0.16666666666666666,NA,NA,NA,NA,NA,NA,NA,1.6666666666666667,2.1666666666666665,NA,NA,NA,NA,NA,NA,NA,NA,NA,NA,NA,NA,NA,NA,NA,NA,NA,NA,NA,NA,NA,NA,NA,0,57.510000000000005,NA,NA,NA,NA,NA,NA,NA,0.016077507270934165,NA,NA,NA,5.8,9.8,12.7,NA
2017,Nubble Lighthouse,4,NA,3.1666666666666665,1.3333333333333333,NA,NA,NA,NA,NA,NA,NA,NA,NA,NA,NA,NA,NA,NA,NA,NA,NA,NA,NA,NA,NA,NA,NA,NA,NA,0.5,NA,NA,0.3333333333333333,NA,NA,0.8333333333333334,NA,NA,0.16666666666666666,NA,NA,NA,NA,NA,NA,NA,0.16666666666666666,NA,NA,NA,NA,NA,NA,NA,NA,NA,0.6666666666666666,0.5,NA,NA,NA,NA,NA,NA,NA,NA,NA,NA,NA,NA,NA,NA,NA,NA,NA,NA,NA,NA,NA,NA,NA,NA,NA,NA,NA,NA,NA,NA,NA,NA,0.008038753635467083,NA,NA,NA,7,10.8,12.7,NA
2017,NW Appledore,8 Ball,NA,0.16666666666666666,NA,NA,NA,NA,NA,NA,NA,NA,NA,NA,NA,NA,NA,NA,0.16666666666666666,NA,NA,NA,NA,NA,NA,NA,NA,NA,NA,NA,NA,1.5,NA,NA,NA,NA,NA,NA,0.3333333333333333,NA,NA,NA,NA,NA,NA,NA,NA,NA,NA,NA,NA,NA,NA,NA,NA,NA,NA,1.8333333333333333,6.166666666666667,NA,NA,NA,NA,NA,NA,NA,NA,NA,NA,NA,NA,NA,NA,NA,NA,NA,NA,NA,NA,0.03699404330785274,NA,NA,NA,NA,NA,NA,NA,NA,NA,NA,NA,NA,NA,NA,NA,10.3,7,13,68.75
2017,NW Appledore,Larus Ledge,NA,NA,NA,NA,NA,NA,NA,NA,NA,NA,NA,NA,NA,NA,NA,NA,NA,NA,NA,NA,NA,NA,NA,NA,NA,NA,NA,NA,2,NA,NA,NA,NA,NA,NA,NA,0.3333333333333333,NA,NA,NA,NA,NA,NA,NA,NA,NA,NA,NA,NA,NA,NA,NA,0.3333333333333333,0.16666666666666666,NA,8,0.6666666666666666,NA,NA,NA,NA,NA,NA,NA,NA,NA,NA,NA,NA,NA,NA,NA,NA,NA,NA,NA,1.0437113708906662,0.049325391077136994,NA,NA,NA,NA,NA,NA,NA,NA,NA,NA,NA,NA,NA,NA,NA,NA,NA,NA,86.25
2017,NW Appledore,North Head,NA,2.6666666666666665,NA,NA,NA,NA,NA,NA,NA,NA,NA,NA,NA,NA,NA,0.16666666666666666,NA,NA,NA,NA,NA,NA,NA,NA,NA,NA,NA,NA,0.3333333333333333,0.6666666666666666,NA,NA,NA,NA,0.5,NA,0.3333333333333333,NA,NA,NA,NA,NA,NA,NA,NA,NA,NA,0.16666666666666666,NA,NA,NA,NA,NA,NA,NA,3,0.6666666666666666,NA,NA,NA,NA,NA,NA,NA,NA,NA,NA,NA,NA,NA,NA,NA,NA,NA,NA,NA,NA,NA,NA,NA,NA,NA,NA,NA,NA,NA,NA,NA,NA,NA,NA,NA,NA,11.1,11.5,11,86.25
2017,NW Appledore,Sandpiper Beach,NA,0.16666666666666666,NA,NA,NA,NA,NA,NA,NA,1.5,NA,NA,NA,NA,NA,1.5,NA,NA,NA,NA,NA,NA,NA,NA,NA,NA,NA,NA,0.5,0.5,NA,NA,NA,NA,NA,NA,NA,NA,NA,NA,NA,NA,NA,NA,NA,NA,NA,NA,NA,NA,NA,NA,NA,0.16666666666666666,NA,8,4,NA,NA,NA,NA,NA,NA,NA,NA,NA,NA,NA,NA,NA,NA,NA,NA,NA,NA,NA,NA,NA,NA,NA,NA,NA,NA,NA,NA,NA,NA,NA,NA,NA,NA,NA,NA,10.6,8.1,14,82.5
2017,Pemaquid,1,NA,0.3333333333333333,NA,NA,NA,NA,NA,NA,NA,NA,NA,NA,NA,NA,NA,NA,NA,0.3333333333333333,NA,NA,NA,NA,NA,NA,NA,NA,NA,NA,NA,NA,NA,NA,NA,NA,0.3333333333333333,NA,0.16666666666666666,NA,NA,NA,1.8333333333333333,NA,0.5,NA,NA,0.16666666666666666,NA,0.16666666666666666,NA,NA,NA,NA,NA,NA,NA,5,2.6666666666666665,NA,NA,NA,NA,NA,NA,NA,NA,NA,NA,NA,NA,NA,NA,NA,NA,NA,NA,NA,0,0.024662695538568497,0,NA,NA,NA,NA,NA,NA,NA,NA,NA,0,0.07234878271920375,0,NA,NA,NA,NA,NA,90
2017,Pemaquid,2,NA,NA,NA,NA,NA,NA,NA,NA,NA,NA,NA,NA,NA,NA,NA,NA,0.3333333333333333,NA,NA,NA,NA,NA,NA,NA,NA,NA,NA,NA,NA,NA,NA,NA,NA,NA,0.3333333333333333,NA,0.16666666666666666,NA,NA,NA,4.666666666666667,NA,NA,NA,NA,0.16666666666666666,NA,0.16666666666666666,NA,NA,NA,NA,NA,NA,NA,4.833333333333333,2.1666666666666665,NA,NA,NA,NA,NA,NA,NA,NA,NA,NA,NA,NA,NA,NA,NA,NA,NA,NA,NA,NA,NA,NA,NA,NA,NA,NA,NA,NA,NA,NA,NA,0,0.2331238554285454,0,NA,NA,NA,NA,NA,98.75
2017,Pemaquid,3,NA,NA,NA,0.5,NA,NA,NA,NA,NA,NA,NA,NA,NA,NA,NA,NA,NA,NA,NA,NA,NA,NA,NA,NA,NA,NA,NA,NA,NA,NA,NA,NA,NA,NA,0.16666666666666666,NA,NA,NA,NA,NA,0.6666666666666666,NA,NA,NA,NA,NA,NA,NA,NA,NA,NA,NA,NA,NA,NA,1.3333333333333333,1.1666666666666667,NA,NA,NA,NA,NA,NA,NA,NA,NA,NA,NA,NA,NA,NA,NA,NA,NA,NA,NA,1.0437113708906662,0,0,NA,NA,NA,NA,NA,NA,NA,NA,NA,1.9726751230462771,0.1446975654384075,71.07108797862806,NA,NA,NA,NA,NA,68.75
2017,Pemaquid,4,1.3333333333333333,NA,NA,NA,NA,NA,NA,0.16666666666666666,NA,NA,NA,NA,NA,NA,NA,NA,NA,NA,NA,NA,NA,NA,NA,NA,0.16666666666666666,NA,NA,NA,NA,NA,NA,NA,NA,NA,NA,NA,NA,NA,NA,NA,NA,NA,NA,NA,NA,NA,NA,NA,NA,NA,NA,NA,NA,NA,NA,1.5,0.3333333333333333,NA,NA,NA,NA,NA,NA,NA,NA,NA,NA,NA,NA,NA,NA,NA,NA,NA,NA,NA,0,0,94.14158917721466,NA,NA,NA,NA,NA,NA,NA,NA,NA,2.959012684569416,0.1366588118029404,426.4265278717683,NA,NA,NA,NA,NA,71.25
2017,Schoodic,1,NA,2,0.16666666666666666,NA,NA,NA,NA,NA,NA,NA,NA,NA,NA,NA,NA,NA,NA,NA,0.5,NA,NA,NA,NA,NA,NA,NA,NA,NA,NA,NA,NA,NA,NA,NA,NA,NA,NA,NA,NA,NA,NA,NA,NA,NA,NA,NA,NA,NA,NA,NA,NA,NA,4.166666666666667,0.5,NA,8.833333333333334,3.8333333333333335,NA,NA,NA,NA,NA,NA,NA,NA,NA,NA,NA,NA,NA,NA,NA,NA,NA,NA,NA,NA,NA,NA,NA,NA,NA,NA,NA,NA,NA,NA,NA,NA,NA,NA,NA,NA,3,7,12,81.25
2017,Schoodic,2,NA,0.8333333333333334,0.3333333333333333,NA,NA,NA,NA,NA,NA,NA,NA,NA,NA,NA,NA,NA,NA,NA,NA,NA,NA,NA,NA,NA,NA,NA,NA,0.16666666666666666,0.8333333333333334,NA,2.6666666666666665,0.16666666666666666,NA,NA,0.5,NA,NA,NA,NA,NA,2.6666666666666665,NA,NA,NA,NA,0.16666666666666666,NA,NA,NA,NA,NA,NA,0.3333333333333333,NA,NA,2.5,3.3333333333333335,NA,NA,NA,NA,NA,NA,NA,NA,NA,NA,NA,NA,NA,NA,NA,NA,NA,NA,NA,NA,NA,NA,NA,NA,NA,NA,NA,NA,NA,NA,NA,NA,NA,NA,NA,NA,10,9,12,65
2017,Schoodic,3,NA,1.1666666666666667,1.6666666666666667,NA,NA,NA,NA,NA,NA,NA,NA,NA,NA,NA,0.16666666666666666,NA,NA,NA,NA,NA,NA,NA,NA,NA,NA,NA,NA,NA,1.1666666666666667,NA,NA,NA,NA,NA,NA,NA,0.3333333333333333,NA,NA,NA,NA,NA,NA,2.5,NA,NA,NA,NA,NA,NA,NA,NA,NA,NA,NA,0.6666666666666666,3,NA,NA,NA,NA,NA,NA,NA,NA,NA,NA,NA,NA,NA,NA,NA,NA,NA,NA,NA,NA,NA,NA,NA,NA,NA,NA,NA,NA,NA,NA,NA,NA,NA,NA,NA,NA,11,9,11,80
2017,Schoodic,4,NA,1.8333333333333333,1.1666666666666667,NA,NA,NA,NA,NA,NA,NA,NA,NA,NA,NA,NA,NA,NA,NA,0.5,NA,NA,NA,NA,NA,NA,NA,NA,NA,0.16666666666666666,NA,NA,NA,NA,NA,NA,NA,NA,NA,NA,NA,0.3333333333333333,NA,NA,NA,NA,NA,NA,0.16666666666666666,NA,NA,NA,NA,0.16666666666666666,NA,NA,0.5,1.6666666666666667,NA,NA,NA,NA,NA,NA,NA,NA,NA,NA,NA,NA,NA,NA,NA,NA,NA,NA,NA,NA,NA,NA,NA,NA,NA,NA,NA,NA,NA,NA,NA,NA,NA,NA,NA,NA,9,7,11,80
2017,SW Appledore,North Pepperrell,NA,NA,NA,NA,NA,NA,NA,NA,NA,NA,NA,NA,NA,NA,NA,0.3333333333333333,NA,0.16666666666666666,0.16666666666666666,NA,NA,NA,NA,NA,NA,NA,NA,NA,1.3333333333333333,NA,NA,NA,NA,NA,NA,NA,NA,NA,NA,NA,NA,NA,NA,NA,NA,NA,NA,0.16666666666666666,NA,NA,NA,NA,1.5,4.166666666666667,NA,1.3333333333333333,0.6666666666666666,NA,NA,NA,NA,NA,NA,NA,NA,NA,NA,NA,NA,NA,NA,NA,NA,NA,NA,NA,NA,NA,NA,NA,NA,NA,NA,NA,NA,NA,NA,NA,0.32877918717437954,0.016077507270934165,NA,NA,NA,7.3,7.3,13,92.5
2017,SW Appledore,North Smith's Cove,NA,NA,NA,NA,NA,NA,NA,NA,NA,NA,NA,NA,NA,NA,NA,0.3333333333333333,NA,0.5,0.3333333333333333,NA,NA,NA,NA,NA,NA,NA,NA,NA,2.1666666666666665,0.16666666666666666,NA,NA,NA,NA,0.16666666666666666,NA,NA,NA,NA,NA,NA,NA,NA,NA,NA,0.3333333333333333,NA,NA,NA,NA,NA,NA,NA,NA,NA,3,0.5,NA,NA,NA,NA,NA,NA,NA,NA,NA,NA,NA,NA,NA,NA,NA,NA,NA,NA,NA,NA,NA,NA,NA,NA,NA,NA,NA,NA,NA,NA,NA,NA,NA,NA,NA,NA,7.4,5.5,16,52.5
2017,SW Appledore,South Pepperrell,NA,NA,NA,NA,NA,NA,NA,NA,NA,NA,NA,NA,NA,NA,NA,0.16666666666666666,NA,0.3333333333333333,NA,NA,NA,NA,NA,NA,NA,NA,NA,NA,0.8333333333333334,0.16666666666666666,NA,NA,NA,NA,NA,NA,0.16666666666666666,NA,NA,NA,NA,NA,NA,NA,NA,NA,NA,NA,NA,NA,NA,NA,0.16666666666666666,0.8333333333333334,NA,0.8333333333333334,NA,NA,NA,NA,NA,NA,NA,NA,NA,NA,NA,NA,NA,NA,NA,NA,NA,NA,NA,NA,NA,NA,NA,NA,NA,NA,NA,NA,NA,NA,NA,NA,NA,NA,NA,NA,NA,7,10,13,88.75
2017,SW Appledore,South Smith's Cove,NA,NA,NA,NA,NA,NA,NA,NA,NA,NA,NA,NA,NA,NA,NA,0.16666666666666666,NA,NA,NA,NA,NA,NA,NA,NA,NA,NA,NA,NA,3.6666666666666665,NA,NA,0.16666666666666666,NA,NA,NA,NA,0.16666666666666666,NA,NA,NA,NA,NA,NA,NA,NA,0.3333333333333333,NA,0.16666666666666666,NA,NA,NA,NA,NA,NA,NA,6.5,0.3333333333333333,NA,NA,NA,NA,NA,NA,NA,NA,NA,NA,NA,NA,NA,NA,NA,NA,NA,NA,NA,0.6958075805937776,NA,117.67698647151832,NA,NA,NA,NA,NA,NA,NA,NA,NA,NA,0.008038753635467083,NA,NA,NA,7.7,6.6,16,72.5
2018,Baker North,1,NA,NA,NA,NA,NA,NA,NA,NA,NA,NA,NA,NA,NA,NA,NA,NA,NA,1.3333333333333333,NA,NA,NA,NA,NA,NA,NA,NA,NA,NA,NA,23.833333333333332,NA,NA,NA,NA,NA,NA,0.16666666666666666,0.16666666666666666,NA,NA,NA,NA,NA,NA,NA,NA,NA,NA,NA,NA,NA,NA,NA,NA,NA,8.666666666666666,28.833333333333332,NA,NA,NA,NA,NA,NA,NA,NA,NA,NA,NA,NA,NA,NA,NA,NA,NA,NA,NA,NA,NA,NA,NA,NA,NA,NA,NA,NA,NA,NA,NA,NA,0.02411626090640125,NA,NA,NA,7.7,6.5,12,87.5
2018,Baker North,2,NA,NA,NA,NA,NA,NA,NA,NA,NA,NA,NA,NA,NA,NA,NA,NA,NA,NA,NA,0.16666666666666666,NA,NA,NA,NA,NA,NA,NA,NA,0.16666666666666666,2.1666666666666665,NA,NA,NA,NA,NA,NA,NA,0.16666666666666666,NA,NA,NA,NA,NA,NA,NA,0.16666666666666666,NA,0.16666666666666666,NA,NA,NA,NA,NA,NA,NA,6.333333333333333,9.5,NA,NA,NA,NA,NA,NA,NA,NA,NA,NA,NA,NA,NA,NA,NA,NA,NA,NA,NA,NA,NA,NA,NA,NA,NA,NA,NA,NA,NA,NA,NA,NA,NA,NA,NA,NA,NA,NA,NA,86.25
2018,Baker North,3,NA,NA,NA,NA,NA,1.1666666666666667,NA,NA,NA,NA,NA,NA,NA,NA,NA,NA,NA,NA,NA,NA,NA,NA,NA,NA,NA,NA,NA,NA,0.16666666666666666,2.5,NA,NA,NA,NA,NA,NA,0.3333333333333333,NA,NA,NA,NA,NA,NA,NA,NA,0.16666666666666666,NA,1.1666666666666667,NA,NA,NA,NA,NA,NA,NA,1.3333333333333333,3.5,NA,NA,NA,NA,NA,NA,NA,NA,NA,NA,NA,NA,NA,NA,NA,NA,NA,NA,NA,NA,NA,NA,NA,NA,NA,NA,NA,NA,NA,NA,NA,NA,0.08038753635467083,NA,NA,NA,2.4,9,15,90
2018,Baker North,4,NA,0.8333333333333334,0.8333333333333334,NA,NA,NA,NA,NA,NA,0.8333333333333334,NA,NA,NA,NA,NA,0.16666666666666666,NA,0.3333333333333333,NA,NA,NA,NA,NA,NA,NA,NA,NA,NA,1,0.6666666666666666,NA,NA,NA,NA,0.3333333333333333,NA,NA,NA,NA,NA,NA,NA,NA,NA,NA,0.16666666666666666,NA,NA,NA,NA,NA,NA,NA,NA,NA,10.333333333333334,7.666666666666667,NA,NA,NA,NA,NA,NA,NA,NA,NA,NA,NA,NA,NA,NA,NA,NA,NA,NA,NA,NA,NA,NA,NA,NA,NA,NA,NA,NA,NA,NA,NA,1.6438959358718976,0.4501702035861566,NA,NA,NA,NA,NA,NA,85
2018,Baker South,1,NA,3,NA,NA,NA,NA,0.3333333333333333,NA,NA,0.16666666666666666,NA,NA,NA,NA,NA,NA,NA,0.6666666666666666,NA,NA,NA,NA,NA,NA,NA,NA,NA,NA,NA,0.6666666666666666,NA,NA,NA,NA,NA,NA,NA,NA,NA,NA,NA,NA,NA,NA,NA,NA,NA,NA,NA,NA,NA,NA,NA,NA,NA,2.1666666666666665,3.8333333333333335,NA,NA,NA,NA,NA,NA,NA,NA,NA,NA,NA,NA,NA,NA,NA,NA,NA,NA,NA,NA,NA,NA,NA,NA,NA,NA,NA,NA,NA,0.03964644211131435,NA,0.32877918717437954,0.1446975654384075,NA,NA,NA,7.6,6.8,15,20
2018,Baker South,2,NA,0.5,NA,NA,NA,NA,NA,NA,NA,NA,NA,NA,NA,NA,NA,NA,NA,1.1666666666666667,NA,NA,NA,NA,NA,NA,NA,NA,NA,NA,0.5,NA,NA,NA,NA,NA,NA,NA,0.16666666666666666,NA,NA,NA,NA,NA,NA,NA,NA,NA,NA,0.3333333333333333,NA,NA,NA,NA,NA,NA,NA,0.6666666666666666,4,NA,NA,NA,NA,NA,NA,NA,NA,NA,NA,NA,NA,NA,NA,NA,NA,NA,NA,NA,NA,NA,NA,NA,NA,NA,NA,NA,NA,NA,NA,NA,0.6575583743487591,0.016077507270934165,NA,NA,NA,7.4,7,14,5
2018,Baker South,3,NA,5,NA,NA,NA,NA,NA,NA,NA,NA,NA,NA,NA,NA,NA,0.16666666666666666,NA,0.8333333333333334,NA,NA,NA,NA,NA,NA,NA,NA,NA,NA,1.3333333333333333,2.5,NA,NA,NA,NA,NA,NA,NA,NA,NA,NA,NA,NA,NA,NA,NA,NA,NA,0.16666666666666666,NA,NA,NA,NA,NA,0.16666666666666666,NA,2.3333333333333335,8.166666666666666,NA,NA,NA,NA,NA,NA,NA,NA,NA,NA,NA,NA,NA,NA,NA,NA,NA,NA,NA,NA,NA,NA,NA,NA,NA,NA,NA,NA,NA,NA,NA,0.9863375615231386,0.6672165517437679,NA,NA,NA,8,7.4,13,81.25
2018,Baker South,4,NA,0.16666666666666666,NA,NA,NA,NA,NA,NA,NA,NA,NA,NA,NA,NA,NA,NA,NA,NA,NA,NA,NA,NA,NA,NA,NA,NA,NA,NA,1.5,2.5,NA,NA,NA,NA,NA,NA,NA,0.5,NA,NA,NA,NA,NA,NA,NA,NA,NA,0.16666666666666666,NA,NA,NA,NA,NA,NA,NA,4.5,6,NA,NA,NA,NA,NA,NA,NA,NA,NA,NA,NA,NA,NA,NA,NA,NA,NA,NA,NA,NA,NA,NA,NA,NA,NA,NA,NA,NA,NA,NA,NA,0.32877918717437954,0.3537051599605517,NA,NA,NA,7.2,6.8,13,96.25
2018,Fort Weatherill,1,NA,NA,NA,NA,NA,0.5,0.16666666666666666,NA,NA,NA,NA,NA,NA,NA,NA,NA,0.16666666666666666,NA,NA,NA,NA,NA,NA,NA,NA,NA,NA,NA,NA,NA,NA,NA,NA,NA,NA,NA,NA,NA,NA,NA,0.8333333333333334,NA,NA,NA,NA,0.3333333333333333,NA,NA,NA,NA,NA,NA,0.16666666666666666,0.6666666666666666,NA,3.8333333333333335,2.5,NA,NA,NA,NA,NA,1.280730453334474,0.370598910022329,NA,NA,NA,NA,NA,NA,NA,NA,NA,NA,NA,NA,NA,NA,NA,NA,NA,NA,0.9538593750000001,7.772187500000001,NA,NA,NA,NA,15.452621797195839,0.16077507270934166,NA,NA,NA,9,9,20,80
2018,Fort Weatherill,2,NA,NA,NA,NA,NA,1.1666666666666667,NA,NA,NA,NA,0.16666666666666666,NA,0.16666666666666666,NA,NA,NA,NA,NA,NA,NA,NA,NA,NA,NA,NA,NA,NA,NA,NA,NA,NA,NA,NA,NA,NA,NA,NA,0.16666666666666666,NA,NA,NA,NA,NA,NA,NA,1.3333333333333333,NA,NA,NA,NA,NA,NA,0.6666666666666666,0.5,NA,11,6.166666666666667,NA,NA,NA,NA,NA,1.280730453334474,1.4294529386575547,NA,NA,NA,NA,NA,NA,NA,NA,NA,NA,NA,NA,NA,NA,NA,NA,NA,NA,0.9538593750000001,1.0598437500000002,NA,1.0132390546709418,0,NA,36.494489776356126,0.31351139178321624,NA,NA,NA,7.5,7.5,20,80
2018,Fort Weatherill,3,NA,NA,NA,NA,NA,NA,NA,NA,NA,NA,NA,NA,NA,NA,1.6666666666666667,NA,NA,NA,NA,NA,NA,NA,NA,NA,NA,NA,NA,NA,NA,NA,NA,NA,NA,NA,NA,NA,0.16666666666666666,NA,NA,NA,NA,NA,NA,NA,NA,NA,NA,NA,NA,NA,NA,NA,NA,NA,NA,1.1666666666666667,2,NA,NA,NA,0.16666666666666666,NA,1.9210956800017112,0.3176562085905677,NA,NA,NA,NA,NA,NA,NA,NA,NA,NA,NA,NA,NA,NA,NA,NA,NA,NA,0,28.792421875000002,NA,6.079434328025649,0,NA,33.86425627896109,0.7958366099112413,NA,NA,NA,8,7,18.8889,88.75
2018,Fort Weatherill,4,NA,NA,NA,NA,NA,NA,NA,NA,NA,NA,NA,NA,NA,NA,NA,NA,NA,NA,NA,NA,NA,NA,NA,NA,NA,NA,NA,NA,NA,NA,NA,NA,NA,NA,NA,NA,NA,NA,NA,NA,1.1666666666666667,NA,NA,NA,NA,0.3333333333333333,NA,NA,NA,NA,NA,NA,0.8333333333333334,0.5,NA,5,1.5,NA,NA,NA,NA,NA,1.9210956800017112,1.0588540286352257,NA,NA,NA,NA,4.673441748672029,0,NA,NA,NA,NA,NA,NA,NA,NA,NA,NA,NA,NA,1.9077187500000001,0,NA,10.132390546709416,0,NA,28.603789284171018,1.6720607561771532,NA,NA,NA,8,8,18.8889,86.25
2018,Nahant,Canoe Beach 3,NA,NA,NA,NA,NA,0.16666666666666666,NA,NA,NA,NA,NA,NA,NA,NA,NA,0.3333333333333333,NA,0.3333333333333333,NA,NA,NA,NA,NA,NA,1.5,NA,NA,NA,NA,0.5,NA,NA,NA,NA,NA,NA,NA,NA,NA,NA,NA,NA,NA,NA,NA,NA,NA,0.16666666666666666,NA,NA,NA,NA,NA,NA,NA,3.3333333333333335,1.1666666666666667,NA,NA,NA,NA,NA,NA,NA,NA,NA,NA,NA,NA,NA,NA,NA,NA,NA,NA,NA,NA,NA,NA,NA,NA,NA,NA,NA,NA,0,0.35681797900182916,0,0,0.25724011633494664,0,NA,NA,2.1,5.2,13,82.5
2018,Nahant,Canoe Beach 4,NA,NA,NA,NA,NA,0.16666666666666666,NA,NA,NA,NA,NA,NA,NA,NA,NA,NA,0.6666666666666666,NA,0.6666666666666666,0.16666666666666666,NA,NA,NA,NA,4.5,NA,NA,NA,NA,0.3333333333333333,NA,NA,NA,NA,NA,NA,NA,NA,NA,NA,NA,NA,NA,NA,NA,NA,NA,NA,NA,NA,NA,NA,NA,NA,NA,6.5,3.1666666666666665,NA,NA,NA,NA,NA,NA,NA,NA,NA,NA,NA,NA,NA,NA,NA,NA,NA,NA,NA,NA,NA,NA,NA,NA,NA,NA,NA,NA,NA,NA,NA,0,0.016077507270934165,0,NA,NA,3.1,1.2,13,10
2018,Nahant,Pumphouse Beach 1,NA,NA,NA,NA,NA,NA,NA,0.16666666666666666,NA,NA,NA,NA,NA,NA,NA,NA,NA,NA,0.16666666666666666,NA,NA,NA,NA,NA,NA,NA,NA,NA,NA,NA,NA,NA,5.666666666666667,NA,NA,NA,NA,NA,NA,NA,NA,NA,NA,NA,NA,NA,NA,NA,NA,NA,NA,NA,NA,NA,NA,1.3333333333333333,1.1666666666666667,NA,NA,NA,NA,NA,NA,NA,NA,NA,NA,NA,NA,NA,NA,NA,NA,NA,NA,NA,NA,NA,NA,NA,NA,NA,NA,NA,NA,NA,NA,NA,0,0.0482325218128025,0,NA,NA,5.5,4.6,18,23.75
2018,Nahant,Pumphouse Beach 2,NA,NA,NA,NA,NA,NA,NA,NA,NA,NA,NA,NA,NA,NA,NA,NA,0.16666666666666666,NA,0.16666666666666666,NA,NA,0.3333333333333333,NA,NA,NA,NA,NA,NA,NA,NA,NA,NA,3.5,NA,NA,NA,NA,NA,NA,NA,NA,NA,NA,NA,NA,NA,NA,NA,NA,NA,NA,NA,NA,NA,NA,2.3333333333333335,2,NA,NA,NA,NA,NA,NA,NA,NA,0.20632573097846404,0,19.87655266960281,NA,NA,NA,NA,NA,NA,NA,NA,NA,NA,NA,NA,NA,NA,NA,NA,NA,NA,NA,NA,NA,NA,NA,NA,NA,5.5,4.6,13,26.25
2018,NE Appledore,Broad Cove,NA,NA,NA,NA,NA,NA,NA,NA,NA,NA,NA,NA,NA,NA,NA,NA,0.6666666666666666,NA,NA,NA,NA,NA,NA,NA,NA,NA,NA,NA,1.5,NA,NA,NA,NA,NA,0.6666666666666666,NA,NA,NA,NA,NA,NA,NA,NA,NA,NA,0.3333333333333333,NA,NA,NA,NA,NA,NA,0.8333333333333334,1,NA,10.666666666666666,4.5,NA,NA,NA,NA,NA,NA,NA,NA,NA,NA,NA,NA,NA,NA,NA,NA,NA,NA,NA,NA,NA,NA,NA,NA,NA,NA,NA,NA,NA,NA,NA,NA,0.15273631907387458,NA,NA,NA,NA,NA,NA,100
2018,NE Appledore,Broadway and 42nd,NA,0.16666666666666666,NA,NA,NA,NA,NA,NA,NA,NA,NA,NA,NA,NA,NA,0.16666666666666666,NA,NA,NA,NA,NA,NA,NA,NA,NA,NA,NA,NA,2.6666666666666665,NA,NA,NA,NA,NA,NA,NA,0.16666666666666666,NA,NA,NA,NA,NA,NA,NA,NA,0.16666666666666666,NA,NA,NA,NA,NA,NA,0.5,NA,NA,10,2.8333333333333335,NA,NA,NA,NA,NA,NA,NA,NA,NA,NA,NA,NA,NA,NA,NA,NA,NA,NA,NA,NA,0.03699404330785274,NA,NA,NA,NA,NA,NA,NA,NA,NA,NA,5.918025369138832,1.2781618280392661,NA,NA,NA,NA,NA,NA,98.75
2018,NE Appledore,Devil's Dance Floor,NA,NA,NA,NA,NA,NA,NA,NA,NA,NA,NA,NA,NA,NA,NA,NA,NA,NA,0.16666666666666666,NA,NA,NA,NA,NA,NA,NA,NA,NA,1.5,0.16666666666666666,NA,NA,NA,NA,0.16666666666666666,NA,NA,NA,NA,NA,NA,NA,NA,NA,NA,0.8333333333333334,NA,NA,NA,NA,NA,NA,1.5,0.3333333333333333,NA,6.5,3.1666666666666665,NA,NA,NA,NA,NA,NA,NA,NA,NA,NA,NA,NA,NA,NA,NA,NA,NA,NA,NA,NA,NA,NA,NA,NA,NA,NA,NA,NA,NA,NA,NA,0.6575583743487591,0.2813563772413479,NA,NA,NA,NA,NA,NA,98.75
2018,NE Appledore,Norwegian Cove,NA,NA,NA,NA,NA,NA,NA,NA,NA,NA,NA,NA,NA,NA,NA,NA,NA,NA,NA,NA,NA,NA,NA,NA,NA,NA,NA,NA,5.666666666666667,0.6666666666666666,NA,NA,NA,NA,NA,NA,NA,NA,NA,NA,NA,NA,NA,NA,NA,NA,NA,NA,NA,NA,NA,NA,NA,0.16666666666666666,NA,8.333333333333334,9.5,NA,NA,NA,NA,NA,NA,NA,NA,NA,NA,NA,NA,NA,NA,NA,NA,NA,NA,NA,NA,NA,NA,NA,NA,NA,NA,NA,NA,NA,NA,NA,1.6438959358718976,0.7234878271920375,NA,NA,NA,NA,NA,NA,92.5
2018,NW Appledore,8 Ball,NA,NA,NA,NA,NA,NA,NA,NA,NA,NA,NA,NA,NA,NA,NA,0.16666666666666666,NA,NA,NA,NA,NA,NA,NA,NA,NA,NA,NA,NA,NA,NA,NA,NA,NA,NA,0.3333333333333333,NA,0.6666666666666666,NA,NA,NA,NA,NA,NA,NA,NA,0.16666666666666666,NA,0.16666666666666666,NA,NA,NA,NA,NA,NA,NA,5.666666666666667,0.3333333333333333,NA,NA,NA,NA,NA,NA,NA,NA,NA,NA,NA,NA,NA,NA,NA,NA,NA,NA,NA,NA,NA,NA,NA,NA,NA,NA,NA,NA,NA,NA,NA,NA,0.779759102640307,NA,NA,NA,9.7,5.2,18,90
2018,NW Appledore,Larus Ledge,NA,2.1666666666666665,NA,NA,NA,NA,NA,NA,NA,NA,NA,NA,NA,NA,NA,NA,NA,NA,NA,NA,NA,NA,NA,NA,NA,NA,NA,NA,0.5,NA,NA,NA,NA,NA,0.8333333333333334,0.3333333333333333,0.8333333333333334,NA,NA,NA,NA,NA,NA,NA,NA,NA,NA,NA,NA,NA,NA,NA,NA,NA,NA,0.8333333333333334,1,NA,NA,NA,NA,NA,NA,NA,NA,NA,NA,NA,NA,NA,NA,NA,NA,NA,NA,NA,NA,NA,NA,NA,NA,NA,NA,NA,NA,NA,NA,NA,0.6575583743487591,0.16881382634480874,NA,NA,NA,9.6,14.3,15,77.5
2018,NW Appledore,North Head,NA,2.1666666666666665,NA,NA,NA,NA,NA,NA,NA,NA,NA,NA,NA,NA,NA,NA,NA,NA,NA,NA,0.16666666666666666,NA,NA,NA,NA,NA,NA,NA,0.6666666666666666,NA,NA,NA,NA,NA,0.5,0.3333333333333333,0.3333333333333333,NA,NA,NA,NA,NA,NA,NA,NA,NA,NA,0.3333333333333333,NA,NA,NA,NA,1.1666666666666667,2,NA,2.1666666666666665,1.1666666666666667,NA,NA,NA,NA,NA,NA,NA,NA,NA,NA,NA,NA,0.39015955748391273,NA,NA,NA,NA,NA,NA,NA,NA,NA,NA,NA,NA,NA,NA,NA,NA,NA,NA,NA,0.57879026175363,NA,NA,NA,14.9,13.9,12,97.5
2018,NW Appledore,Sandpiper Beach,NA,NA,NA,NA,NA,NA,NA,NA,NA,NA,NA,NA,NA,NA,NA,0.16666666666666666,NA,0.3333333333333333,NA,NA,NA,NA,NA,NA,NA,NA,NA,NA,NA,NA,NA,NA,NA,NA,NA,0.16666666666666666,0.3333333333333333,NA,NA,NA,NA,NA,NA,NA,NA,0.16666666666666666,NA,NA,NA,NA,NA,NA,0.16666666666666666,NA,NA,1,0.3333333333333333,NA,NA,NA,NA,NA,NA,NA,NA,NA,NA,NA,NA,NA,NA,NA,NA,NA,NA,NA,NA,NA,NA,NA,NA,NA,NA,NA,NA,NA,NA,NA,0.6575583743487591,0.38586017450242,NA,NA,NA,NA,NA,NA,NA
2018,SW Appledore,North Pepperrell,NA,NA,NA,NA,NA,NA,NA,NA,NA,NA,NA,NA,NA,NA,NA,0.16666666666666666,0.16666666666666666,NA,NA,NA,NA,NA,NA,NA,NA,NA,NA,NA,NA,NA,NA,NA,NA,NA,0.3333333333333333,NA,0.3333333333333333,NA,NA,NA,NA,NA,NA,NA,NA,NA,NA,NA,NA,NA,NA,NA,3.8333333333333335,36.833333333333336,NA,1.5,0.3333333333333333,NA,NA,NA,NA,NA,NA,NA,NA,NA,NA,NA,NA,NA,NA,NA,NA,NA,NA,NA,NA,NA,NA,NA,NA,NA,NA,NA,NA,NA,NA,NA,2.3014543102206564,0.6993715662856361,NA,NA,NA,NA,NA,NA,98.75
2018,SW Appledore,North Smith's Cove,NA,NA,NA,NA,NA,NA,NA,NA,NA,NA,NA,NA,NA,NA,NA,NA,NA,NA,0.16666666666666666,0.16666666666666666,NA,NA,NA,NA,NA,NA,NA,NA,0.5,1253.6666666666667,NA,NA,NA,NA,NA,NA,NA,NA,NA,NA,NA,NA,NA,NA,NA,NA,NA,NA,NA,NA,NA,NA,NA,0.16666666666666666,NA,1.8333333333333333,1,NA,NA,NA,NA,NA,NA,NA,NA,NA,NA,NA,NA,NA,NA,NA,NA,NA,NA,NA,NA,NA,NA,NA,NA,NA,NA,NA,NA,NA,NA,NA,0.9863375615231386,0.5385964935762946,NA,NA,NA,NA,NA,NA,85
2018,SW Appledore,South Pepperrell,NA,1,NA,NA,NA,NA,NA,NA,NA,NA,NA,NA,NA,NA,NA,NA,NA,0.16666666666666666,NA,NA,NA,NA,NA,NA,NA,NA,NA,NA,0.3333333333333333,NA,NA,NA,NA,NA,0.6666666666666666,0.3333333333333333,NA,NA,NA,NA,NA,NA,NA,NA,NA,NA,NA,NA,NA,NA,NA,NA,NA,0.16666666666666666,NA,NA,2.8333333333333335,NA,NA,NA,NA,NA,NA,NA,NA,NA,NA,NA,NA,NA,NA,NA,NA,NA,NA,NA,NA,NA,NA,NA,NA,NA,NA,NA,NA,NA,NA,NA,0.32877918717437954,0.1366588118029404,NA,NA,NA,NA,NA,NA,73.75
2018,SW Appledore,South Smith's Cove,NA,NA,NA,NA,NA,NA,NA,NA,NA,NA,NA,NA,NA,NA,NA,0.5,0.5,NA,0.16666666666666666,NA,NA,NA,NA,NA,NA,NA,NA,NA,0.6666666666666666,0.16666666666666666,NA,NA,NA,NA,NA,NA,0.3333333333333333,NA,NA,NA,NA,NA,NA,NA,NA,0.3333333333333333,NA,1,NA,NA,NA,NA,1,7.5,NA,0.3333333333333333,NA,NA,NA,NA,NA,NA,NA,NA,NA,NA,NA,NA,NA,NA,NA,NA,NA,NA,NA,NA,NA,NA,NA,NA,NA,NA,NA,NA,NA,NA,NA,NA,0.6575583743487591,0.4742864644925579,NA,NA,NA,NA,NA,NA,60
